Time_s,Power_W,GPU_Temp_NoPCM_degC,GPU_Temp_Uniform_degC,GPU_Temp_HydraCore_degC
0.0,875.0,70.4,70.05,69.5
0.08,886.7557050458495,70.67959162887452,70.22435859000586,69.61830931755641
0.16,855.9788696740969,70.95714731018084,70.39766966279002,69.73601876348694
0.24,894.0211303259031,71.23243157436838,70.56978204979022,69.85301762383436
0.32,863.2442949541505,71.505210056287,70.74054532653425,69.96919573957837
0.4,875.0,71.77525013331687,70.90981021082355,70.0844437931463
0.48,886.7557050458495,72.0423215586376,71.07742895788623,70.19865359274377
0.56,855.9788696740969,72.30619708804197,71.24325575150259,70.31171835378696
0.64,894.0211303259031,72.56665309871497,71.4071470901163,70.42353297672612
0.72,863.2442949541505,72.82347019841977,71.5689621669568,70.53399432055909
0.8,875.0,73.07643382355617,71.72856324321424,70.64300147134375
0.88,886.7557050458495,73.3253348245851,71.88581601332505,70.75045600503192
0.96,855.9788696740969,73.56997003734469,72.04058996144656,70.85626224396108
1.04,894.0211303259031,73.81014283881912,72.19275870822139,70.960327506356
1.12,863.2442949541505,74.04566368596039,72.3422003469568,71.06256234821076
1.2,875.0,74.27635063620633,72.48879776837065,71.16288079694026
1.28,886.7557050458495,74.50202984838401,72.63243897308487,71.26120057621141
1.36,855.9788696740969,74.7225360627373,72.77301737107805,71.35744332138641
1.44,894.0211303259031,74.93771305887034,72.9104320673419,71.45153478503421
1.52,707.4507122951685,75.14741409045385,73.04458813302074,71.54340503199127
1.6,697.9260354824322,75.35150229560037,73.17539686135055,71.63298862347939
1.68,391.476885381007,75.54985108187569,73.30277600775169,71.7202247898157
1.76,400.23029856408033,75.74234448497792,73.42665001347004,71.80505759127892
1.84,382.6584662527667,75.92887750018183,73.54695021220273,71.8874360667258
1.92,382.65863043050825,76.10935638571526,73.6636150191872,71.96731436958262
2.0,723.6881922326108,76.28369893730502,73.7765901022772,72.04465189086888
2.08,711.5115209372937,76.45183473320236,73.88582853457444,72.11941336894208
2.16,380.30525614065056,76.61370534907304,73.99129092823152,72.19156898568738
2.24,390.4256004358597,76.7692645422127,74.09294554908871,72.26109444890895
2.32,380.3658230718754,76.91847840462584,74.19076841185644,72.32797106071554
2.4,380.3427024642975,77.06132548458562,74.28474335560358,72.39218577172764
2.48,387.4196227156604,77.19779687637043,74.37486209936229,72.45373122096964
2.56,671.300796330133,77.32789627795475,74.46112427770926,72.51260576134662
2.64,674.1262325123045,77.45164001651167,74.54353745623507,72.56881347064159
2.72,379.3771247075903,77.56905704166634,74.62211712686309,72.62236414800579
2.8000000000000003,374.8716887966558,77.68018888652054,74.6968866830307,72.67327329595122
2.88,388.1424733259528,77.78508959655079,74.76787737479675,72.7215620878911
2.96,375.91975924478794,77.88382562656237,74.8351282439892,72.76725732131074
3.04,678.8154444799707,77.97647570596334,74.8986860395578,72.81039135668705
3.12,721.9847315338233,78.06313067270196,74.95860511334669,72.85100204231178
3.2,382.7422369951347,78.14389327629053,75.01494729655084,72.88913262520828
3.2800000000000002,385.6752820468793,78.21887795041616,75.06778175716947,72.92483164836723
3.36,370.7525181378655,78.28821055571629,75.11718483881725,72.95815283456129
3.44,379.5561727547482,78.35202809337193,75.16323988130162,72.98915495703238
3.52,701.663838845648,78.4104783902452,75.20603702341981,73.01790169737848
3.6,682.7350963386655,78.46371975635967,75.2456729884753,73.04446149099931
3.68,388.7569801834568,78.51192061559169,75.28225085305549,73.06890736049169
3.7600000000000002,378.993613100812,78.55525911050908,75.31587979965634,73.09131673741537
3.84,382.08306250206726,78.59392268235797,75.34667485377915,73.11177127288022
3.92,378.9829338777061,78.62810762726191,75.37475660616461,73.13035663743327
4.0,727.7841727676341,78.65801862975755,75.40025092086664,73.14716231075154
4.08,699.797541628931,78.68386827484775,75.4232886299042,73.16228136167213
4.16,374.42289071044104,78.70587653980803,75.44400521526326,73.1758102191154
4.24,393.22544912103194,78.7242702670326,75.46254047905283,73.18784843448037
4.32,372.79156350028984,78.73928261925477,75.47903820264953,73.1984984361126
4.4,387.0886359500476,78.7511525185206,75.49364579569186,73.20786527646534
4.48,365.4032987612023,78.76012407033575,75.50651393581218,73.2160563725925
4.5600000000000005,680.0772092665236,78.76644597444299,75.51779620001696,73.22318124062967
4.64,702.9529185380369,78.77037092372153,75.52764868864735,73.22935122493381
4.72,392.3846657999542,78.77215499272943,75.53622964287055,73.23467922256636
4.8,386.7136828118998,78.77205701743614,75.5436990566694,73.23927940381584
4.88,383.84351717611764,78.77033796771488,75.55021828431047,73.2432669294662
4.96,381.98896304410715,78.76726031418254,75.55594964428361,73.24675766552545
5.04,677.8221701444886,78.76308739098918,75.56105602071372,73.24986789613536
5.12,689.2023368740794,78.75808275616927,75.56570046325254,73.25271403538774
5.2,380.3936122904022,78.7525095511731,75.5700457864619,73.25541233877551
5.28,395.5712222621892,78.74662986119887,75.574254169701,73.25807861500769
5.36,388.4361828956847,78.74070407794348,75.57848675852938,73.26082793891658
5.44,367.3695984463727,78.73499026638474,75.58290326863295,73.26377436618255
5.5200000000000005,704.8612595409219,78.7297435371966,75.58766159327449,73.26703065059732
5.6000000000000005,694.2237657937552,78.72521542638529,75.59291741526074,73.27070796458017
5.68,378.23077999694044,78.72165328371607,75.59882382440725,73.27491562365338
5.76,391.11676288840874,78.71929967147754,75.60553094146762,73.27976081557311
5.84,395.30999522495955,78.71839177510483,75.61318554947822,73.28534833480005
5.92,394.31280119116207,78.71916082715285,75.62193073344993,73.29178032298114
6.0,687.4117371516604,78.7218315460768,75.63190552931803,73.2991560160978
6.08,695.3618143622318,78.72662159124023,75.64324458303759,73.30757149891988
6.16,388.3126343140357,78.7337410355294,75.656077820686,73.31711946738575
6.24,394.75545127122365,78.74339185690829,75.67053013040706,73.32788899950889
6.32,380.20825762154715,78.75576745020125,75.68672105700023,73.33996533539016
6.4,383.14341023336186,78.77105216033843,75.70476450992757,73.35342966689143
6.48,373.93665025993977,78.78942083824532,75.72476848547639,73.36835893750231
6.5600000000000005,682.0569006387899,78.8110384205004,75.74683480378006,73.38482565290555
6.640000000000001,712.1878873359129,78.83605953382506,75.77105886136223,73.40289770271998
6.72,398.5624002857083,78.86462812540667,75.79752939982968,73.42263819387158
6.8,384.27989878419675,78.89687711999089,75.82632829129922,73.44410529601355
6.88,395.0353289789203,78.9329281046116,75.85753034110093,73.46735209938637
6.96,388.6163602504764,78.97289104175678,75.89120310825689,73.492426485477
7.04,690.3232036809231,79.0168640116968,75.92740674418947,73.519371010804
7.12,705.4209340826262,79.06493298462844,75.9661938500673,73.54822280412269
7.2,400.38036566465973,79.11717162321185,76.00760935314953,73.57901347730987
7.28,384.64173960890054,79.17364111600125,76.05169040244196,73.61176905015382
7.36,400.6464365581401,79.23439004219242,76.09846628392852,73.64650988923917
7.44,358.80254895910264,79.29945426803,76.14795835559323,73.68325066108204
7.5200000000000005,712.3285375656284,79.36885687513899,76.2001800023974,73.72200029963325
7.6000000000000005,701.3057060235726,79.44260812096243,76.25513661132592,73.7627619882324
7.68,382.0099264953414,79.52070543140798,76.31282556656693,73.80553315605844
7.76,385.91760776535506,79.60313342572309,76.37323626483688,73.85030548908591
7.84,365.1243108539911,79.68986397353842,76.43635015081335,73.89706495551924
7.92,382.80328112162493,79.78085628393664,76.5021407725866,73.94579184564135
8.0,705.3566885726761,79.87605702632374,76.57057385698997,73.99646082597584
8.08,722.1684106711227,79.97540048279937,76.64160740461979,74.04904100762622
8.16,379.8172978172636,80.07880873164277,76.71519180430528,74.10349602861969
8.24,376.9150639710682,80.18619186145283,76.79126996673936,74.1597841500479
8.32,379.9824295641547,80.29744821540291,76.86977747693409,74.21785836576163
8.4,394.1540211770208,80.41246466499518,76.95064276511536,74.27766652534267
8.48,388.2875110965969,80.5311169126246,77.03378729562628,74.33915147004275
8.56,692.0535969434944,80.65326982219005,77.11912577336227,74.40225118134559
8.64,707.6990114967003,80.7787777769189,77.20656636721702,74.46689894177781
8.72,385.97077549348046,80.907485063503,77.29601094997524,74.533023507562
8.8,394.68644990532897,81.0392262815772,77.387355354047,74.60054929267638
8.88,377.97946906122655,81.17382677750771,77.4804896423978,74.66939656385611
8.96,381.7233785340224,81.31110310139607,77.57529839399083,74.73948164604394
9.040000000000001,694.1183777030176,81.45086348614595,77.67166100302049,74.81071713777126
9.120000000000001,678.0472757780183,81.59290834738394,77.76945199118218,74.88301213592582
9.200000000000001,387.9612027706458,81.73703080297362,77.86854133218965,74.95627246933843
9.28,387.61055272179897,81.88301721081125,77.96879478772092,75.03040094059864
9.36,385.05113456642465,82.03064772354686,78.07007425394441,75.10529757548905
9.44,382.6541286662486,82.17969685883061,78.17223811775055,75.18085987940796
9.52,678.7694388692438,82.32993408364527,78.27514162178932,75.25698310013301
9.6,693.6903201585196,82.48112441125065,78.37863723739235,75.33356049626218
9.68,381.57285483473237,82.63302900923323,78.48257504443768,75.41048361065418
9.76,376.9772273077839,82.78540581712623,78.58680311719816,75.48764254817767
9.84,383.38714288333995,82.9380101720421,78.69116791519944,75.5649262570679
9.92,389.04050856814547,83.09059544073754,78.79551467810055,75.64222281318017
10.0,875.0,83.24291365651658,78.8996878235998,75.71941970642214
10.08,886.7557050458493,83.39471615936368,79.0035313473618,75.79640412864191
10.16,855.9788696740968,83.54575423769161,79.10688922395519,75.87306326224437
10.24,894.021130325903,83.69577977008403,79.20960580778929,75.94928456880723
10.32,863.2442949541505,83.84454586541328,79.31152623303679,76.02495607696773
10.4,875.0000000000003,83.9918074997175,79.41249681153315,76.09996666885287
10.48,886.7557050458499,84.13732214822971,79.5123654276476,76.17420636433
10.56,855.9788696740968,84.28085041096374,79.61098192912891,76.24756660235967
10.64,894.0211303259031,84.42215663027758,79.70819851293913,76.31994051874014
10.72,863.2442949541503,84.56100949885601,79.80387010510063,76.39122321954243
10.8,875.0000000000006,84.6971826565774,79.897854733598,76.46131204954496
10.88,886.7557050458497,84.8304552747586,79.99001389339256,76.53010685499001
10.96,855.9788696740969,84.96061262630312,80.08021290262836,76.59751023999853
11.040000000000001,894.0211303259032,85.0874466403136,80.16832124912995,76.66342781599548
11.120000000000001,863.2442949541501,85.21075643976887,80.25421292631704,76.72776844351593
11.200000000000001,875.0000000000009,85.33034886090846,80.3377667576883,76.79044446578123
11.28,886.7557050458504,85.44603895301394,80.41886670905437,76.85137193345537
11.36,855.9788696740967,85.55765045732555,80.49740218773228,76.91047082001388
11.44,894.0211303259028,85.66501626388566,80.57326832794571,76.96766522718144
11.52,728.292788518158,85.76797884515618,80.6463662617104,77.02288357991924
11.6,702.6186671924776,85.86639066531568,80.71660337452104,77.07605881046997
11.68,387.5755039072277,85.9601145642034,80.78389354519392,77.12712853099542
11.76,384.2555408423384,86.0490241149415,80.84815736925998,77.17603519437074
11.84,365.81228784700966,86.1330039543332,80.90932236534435,77.22272624272951
11.92,384.7348612455079,86.21195008520333,80.96732316401133,77.26715424338431
12.0,700.9034531491154,86.28577014991858,81.02210167859812,77.30927701177977
12.08,736.9486316872793,86.35438367439774,81.07360725760617,77.34905772116748
12.16,383.0763903521888,86.41772228199653,81.12179681826578,77.38646499872603
12.24,388.0154734233362,86.47572987672761,81.16663496093634,77.42147300788321
12.32,384.6528823029476,86.52836279535443,81.20809406405427,77.45406151663305
12.4,373.31321962380474,86.57558992797517,81.24615435938863,77.48421595167468
12.48,396.4282281451503,86.61739280679387,81.28080398741494,77.51192743823685
12.56,711.2789954903017,86.65376566285482,81.3120390326676,77.53719282548738
12.64,711.8654792056457,86.68471545059845,81.33986353898187,77.56001469746363
12.72,375.90612545205266,86.71026184017747,81.36428950458745,77.58040136949634
12.8,399.02794310936105,86.73043717755358,81.38533685706614,77.59836687013627
12.88,370.98148937207725,86.74528641247676,81.4030334082374,77.61393090862913
12.96,390.86857093800273,86.75486699452969,81.41741478908601,77.6271188280213
13.040000000000001,732.8568343871497,86.75924873750137,81.4285243648964,77.63796154401487
13.120000000000001,685.1419551230397,86.75851365243287,81.43641313080876,77.64649546972652
13.200000000000001,379.33702270397237,86.75275574975846,81.44113958806062,77.65276242654055
13.280000000000001,385.99651365087647,86.74208081104254,81.44276960122706,77.6568095412812
13.36,379.9652434588381,86.72660613088988,81.44137623682069,77.65868912996449
13.44,369.4933656893387,86.70646022968225,81.43703958365903,77.65845856842279
13.52,701.0284446220904,86.68178253786795,81.42984655545362,77.65618015012964
13.6,684.0654442941084,86.65272305260237,81.41989067611995,77.65192093158376
13.68,389.7359243063519,86.61944196760817,81.40727184835046,77.64575256564301
13.76,375.805757657662,86.58210927719082,81.392096106036,77.63775112322938
13.84,400.49934405017547,86.5409043554107,81.37447535116114,77.6279969038558
13.92,377.1674670766377,86.49601551147546,81.35452707583826,77.61657423545297
14.0,695.1690772569149,86.44763952247695,81.3323740701831,77.60357126400264
14.08,712.202758260545,86.39598114465363,81.30814411676987,77.58907973350836
14.16,372.6913568356605,86.34125260441417,81.28196967243798,77.57319475685973
14.24,387.2745993460413,86.28367307040827,81.25398753825458,77.55601457816945
14.32,398.0714275428243,86.22346810797985,81.22433851846691,77.53764032718297
14.4,368.9251676543878,86.1608691173808,81.19316706930614,77.51817576638197
14.48,386.8463385853231,86.09611275716576,81.16062093853031,77.49772703142003
14.56,703.8982419137263,86.0294403542248,81.12685079661706,77.47640236554662
14.64,711.7273430766596,85.96109730194566,81.09200986053816,77.45431184869028
14.72,372.63049289121926,85.89133244802599,81.0562535110664,77.43156712188556
14.8,371.7954338691573,85.82039747348333,81.019738904582,77.40828110773968
14.88,390.219415656169,85.74854626443191,80.98262458035926,77.38456772764557
14.96,387.9698467323319,85.67603427821432,80.94507006432579,77.36054161645531
15.040000000000001,703.7573927551881,85.60311790548941,80.90723547029566,77.33631783533512
15.120000000000001,705.1967231424546,85.53005382988945,80.86928109968386,77.31201158352738
15.200000000000001,378.19975278421515,85.45709838686396,80.83136704071362,77.28773790974758
15.280000000000001,387.3225369716101,85.38450692333113,80.79365276812925,77.26361142394576
15.36,387.93072473298685,85.31253315975493,80.75629674442602,77.23974601016042
15.44,377.8564858197364,85.24142855626013,80.71945602360445,77.21625454119027
15.52,727.9866176671713,85.17144168438693,80.68328585845045,77.1932485958051
15.6,707.1074938136768,85.10281760607342,80.64793931233345,77.17083817920964
15.68,373.0869650279736,85.03579726143462,80.61356687650355,77.14913144746721
15.76,391.56553608633834,84.97061686688612,80.58031609385456,77.12823443657895
15.84,375.2531832977268,84.90750732513241,80.54833119010361,77.10825079690346
15.92,392.8708460374246,84.84669364851204,80.51775271331931,77.0892815335875
16.0,717.3789336851111,84.78839439715604,80.48871718270922,77.07142475366378
16.080000000000002,687.6897652247244,84.73282113338011,80.46135674755419,77.05477542045477
16.16,394.6337612924433,84.68017789368932,80.43579885715116,77.03942511590289
16.240000000000002,389.12780926936506,84.63066067972943,80.41216594259856,77.0254618114276
16.32,393.220601599945,84.58445696947199,80.39057511122856,77.01296964788853
16.4,403.96792982653955,84.54174524986794,80.37113785445777,77.00202872521017
16.48,382.54611883997137,84.50269457215148,80.3539597697953,76.99271490220016
16.56,688.6939575346377,84.46746413091768,80.33914029770997,76.98509960706643
16.64,686.6572835556171,84.43620286803822,80.32677247402228,76.9792496591123
16.72,376.8418971503457,84.40904910241592,80.3169426984461,76.97522710205983
16.8,384.228982905859,84.3861301865143,80.30973051986572,76.97308904942291
16.88,388.4115197481665,84.36756219053022,80.30520843889052,76.97288754232012
16.96,387.76690799330026,84.35344961500805,80.30344172818594,76.97466942008742
17.04,712.4077487355404,84.34388513262188,80.30448827103572,76.97847620401696
17.12,700.1950283781686,84.33894935977864,80.30839841854251,76.98434399451617
17.2,399.5353407715732,84.33871065861968,80.31521486582822,76.99230338194684
17.28,382.3534316676205,84.34322496992158,80.32497254754729,77.00237937136967
17.36,412.20169166589625,84.3525356773186,80.33769855297638,77.01459132138409
17.44,391.2566734776501,84.36667350319073,80.35341206089585,77.02895289721853
17.52,687.1426366537557,84.38565643648045,80.37212429442735,77.04547203818922
17.6,683.9366125290833,84.40948969262145,80.39383849594195,77.06415093960996
17.68,389.8247241524319,84.43816570568077,80.41854992210232,77.08498604919889
17.76,382.7653721467415,84.47166415273502,80.4462458590518,77.10796807799098
17.84,392.14000494092096,84.50995201041931,80.4769056577121,77.13308202572911
17.92,389.7323762457355,84.55298364350692,80.51050078910079,77.16030722066961
18.0,698.9075663101469,84.60070092529614,80.54699491952886,77.18961737370162
18.080000000000002,687.2980942289739,84.65303338950102,80.58634400548866,77.22098064664394
18.16,369.8515277531414,84.70989841326237,80.62849640799307,77.25435973454655
18.240000000000002,380.53485047932986,84.77120143081781,80.67339302607645,77.2897119617895
18.32,393.5639879432348,84.83683617729105,80.72096744912136,77.3269893917359
18.400000000000002,387.14093744130207,84.90668496198552,80.7711461276256,77.36613894966258
18.48,372.54261221288016,84.98061897049202,80.82384856197874,77.40710255865778
18.56,702.5977138877678,85.05849859484825,80.87898750877167,77.44981728814246
18.64,705.7797606959325,85.14017379091622,80.9364692041178,77.4942155146407
18.72,376.1614256379887,85.22548446207531,80.9961936034221,77.54022509439247
18.8,386.53725105945534,85.31426086826274,81.05805463699276,77.5877695473733
18.88,385.5820871844601,85.40632405932767,81.12194048084952,77.63676825225586
18.96,373.5702970216938,85.50148633160573,81.1877338420451,77.68713665182113
19.04,705.3668104052242,85.59955170656032,81.25531225777904,77.73878646830025
19.12,708.4117678955236,85.70031643028233,81.32454840754855,77.79162592810329
19.2,395.8305124317528,85.80356949258714,81.39531043754795,77.84555999536724
19.28,395.5380205203491,85.90909316439769,81.4674622964977,77.90049061373335
19.36,371.2233063204292,86.01666355205664,81.54086408205445,77.95631695574312
19.44,375.62174960084883,86.12605116716827,81.61537239692754,78.01293567922318
19.52,707.7255290081299,86.23702151053027,81.69084071380239,78.07024119001109
19.6,707.7067892636832,86.34933566868163,81.7671197481493,78.12812591035907
19.68,390.15047686306053,86.46275092155942,81.84405783797578,78.18648055233722
19.76,423.52731490654725,86.57702135973032,81.92150132956358,78.24519439554565
19.84,390.70890510693175,86.69189850963804,81.99929496821605,78.30415556843462
19.92,396.3556564018061,86.80713196528735,82.07728229302889,78.36325133252149
20.0,875.0000000000001,86.92247002476982,82.15530603468741,78.42236836878682
20.080000000000002,886.7557050458491,87.0376603300235,82.23320851528545,78.48139306552655
20.16,855.9788696740972,87.15245050821086,82.31083204915603,78.54021180693259
20.240000000000002,894.0211303259034,87.26658881309535,82.38801934370173,78.59871126167336
20.32,863.2442949541514,87.37982476479667,82.46461389921204,78.65677867074537
20.400000000000002,875.0000000000015,87.49190978630897,82.54046040665811,78.71430213386829
20.48,886.7557050458498,87.60259783517468,82.61540514246002,78.77117089370088
20.56,855.9788696740968,87.71164602871863,82.68929635922973,78.82727561715924
20.64,894.0211303259031,87.8188152612632,82.7619846715026,78.88250867312705
20.72,863.2442949541521,87.923870811766,82.83332343548327,78.93676440585647
20.8,875.0000000000007,88.02658294034543,82.90316912184699,78.98993940336898
20.88,886.7557050458506,88.12672747218757,82.97138168065457,79.0419327601782
20.96,855.9788696740966,88.22408636735967,83.03782489745943,79.09264633367125
21.04,894.0211303259028,88.31844827509143,83.10236673970725,79.14198499350096
21.12,863.244294954151,88.40960907112394,83.16487969255351,79.18985686335894
21.2,874.9999999999998,88.49737237676965,83.22524108325047,79.23617355451904
21.28,886.7557050458495,88.58155005837203,83.28333339328465,79.28085039056118
21.36,855.9788696740964,88.66196270590397,83.3390445574762,79.32380662270793
21.44,894.0211303259033,88.73844008949625,83.3922682492849,79.36496563522998
21.52,714.310026452398,88.81082159274267,83.44290415160204,79.40425514040169
21.6,709.770868769587,88.87895662168853,83.49085821234463,79.44160736251436
21.68,381.8473075535966,88.94270498846876,83.53604288420604,79.47695921048233
21.76,392.5896922049327,89.00193726862727,83.57837734795771,79.51025243860609
21.84,377.2717478546243,89.05653513121554,83.61778771873828,79.54143379508614
21.92,382.6318139326,89.1063916408362,83.65420723480855,79.5704551579129
22.0,692.7195467825635,89.15141153086958,83.68757642829627,79.597273657789
22.080000000000002,701.2281120907949,89.19151144719301,83.71784327749907,79.62185178777382
22.16,408.1465856667351,89.22662016177765,83.74496334036125,79.6441574993732
22.240000000000002,366.3273480740826,89.2566787556233,83.76889986878717,79.66416428483177
22.32,391.8626019037452,89.28164077057002,83.78962390350283,79.68185124542003
22.400000000000002,368.87284128810353,89.30147232960263,83.8071143492258,79.69720314554364
22.48,380.2806813421057,89.31615222534492,83.82135802995421,79.71021045253846
22.56,716.3342589545105,89.32567197652028,83.83234972423486,79.72086936205079
22.64,700.964200286432,89.33003585223629,83.84009218032166,79.72918180893883
22.72,374.222552220707,89.32926086403229,83.84459611118622,79.73515546366755
22.8,377.8469629074004,89.32337672571029,83.84588016939334,79.73880371420684
22.88,391.7959774893468,89.31242578105093,83.84397090190487,79.74014563347775
22.96,377.6963336828287,89.29646289959751,83.83890268492652,79.73920593243022
23.04,703.2468788437296,89.27555534077133,83.83071763896183,79.73601489886973
23.12,700.6835775985572,89.24978258666223,83.8194655242886,79.73060832218843
23.2,378.48399652394187,89.2192361439167,83.80520361712146,79.72302740419047
23.28,406.43944089325333,89.18401931522449,83.7879965667737,79.71331865623671
23.36,391.3391902231802,89.1442469409809,83.76791623417944,79.70153378296922
23.44,364.748574133424,89.10004511177809,83.74504151218385,79.68772955290869
23.52,702.7968147215414,89.05155085245144,83.71945812805572,79.67196765625229
23.6,690.0732030284742,88.99891177847981,83.69125842872151,79.6543145502308
23.68,393.5243333479623,88.94228572560729,83.66054114926293,79.63484129241598
23.76,377.07479261567306,88.88184035362316,83.62741116526378,79.61362336239914
23.84,383.8526355853311,88.81775272530032,83.59197922963098,79.59074047229153
23.92,390.0498727898046,88.75020886155676,83.5543616945553,79.56627636652526
24.0,712.9863279125518,88.6794032739634,83.51468021931382,79.54031861146048
24.080000000000002,681.9955538941633,88.60553847578022,83.4730614646527,79.51295837533043
24.16,381.6549876415906,88.5288244727553,83.42963677452217,79.48429019908015
24.240000000000002,380.2505468883905,88.44947823497377,83.38454184596772,79.45441175867799
24.32,378.4667076742629,88.36772315109101,83.3379163880119,79.42342361950017
24.400000000000002,402.65454240281105,88.28378846632882,83.28990377038811,79.39142898340901
24.48,389.0498171096096,88.19790870565463,83.2406506630138,79.3585334291638
24.560000000000002,681.0867406849743,88.11032308360089,83.19030666711443,79.32484464681998
24.64,713.7679292058216,88.02127490221596,83.13902393892943,79.2904721667878
24.72,406.2215619701264,87.93101093866737,83.0869568069513,79.25552708423471
24.8,395.3246526055115,87.83978082404457,83.03426138366463,79.22012177952794
24.88,369.8063003404599,87.74783641493093,82.9810951727659,79.18436963542327
24.96,380.15765927133754,87.65543115933221,82.92761667285652,79.14838475171459
25.04,719.0036672377994,87.56281945856382,82.87398497861011,79.1122816580652
25.12,689.3849580157183,87.47025602670874,82.82035938042189,79.07617502574604
25.2,389.43819428146236,87.37799524926467,82.76689896355117,79.04017937900932
25.28,392.74634053429344,87.28629054260024,82.71376220777005,79.00440880682658
25.36,375.7306952842192,87.19539371583923,82.6611065885296,78.96897667571942
25.44,384.40474643938205,87.10555433678424,82.60908818065101,78.93399534440837
25.52,651.3809898989639,87.01701910348237,82.55786126554302,78.89957588100074
25.6,684.6341853799856,86.93003122302007,82.50757794293796,78.86582778343194
25.68,382.47431848606846,86.84482979911688,82.45838774812711,78.83285870386646
25.76,372.52216818035157,86.76164923006526,82.41043727566266,78.80077417775485
25.84,401.3241130393164,86.6807186185373,82.36386981047656,78.7696773582309
25.92,370.69858622039374,86.6022611947497,82.31882496734852,78.73966875652046
26.0,693.3993326995452,86.52649375444408,82.27543833963372,78.7108459890172
26.080000000000002,701.9611086592914,86.45362611310267,82.23384115813789,78.68330353166454
26.16,399.41273289066123,86.38386057777836,82.19415996100135,78.65713248226422
26.240000000000002,370.64137848820565,86.31739143787314,82.15651627542607,78.63242033131196
26.32,396.63163752154964,86.25440447615176,82.12102631205009,78.60925074193909
26.400000000000002,385.1023306101959,86.19507650122611,82.08780067274085,78.58770333951611
26.48,375.18491348952057,86.13957490269092,82.05694407254624,78.5678535114498
26.560000000000002,706.931552113949,86.08805723003555,82.02855507650546,78.54977221767946
26.64,702.9858954336021,86.0406707963949,82.00272585198479,78.53352581235117
26.72,378.9978312284121,85.99755230814132,81.97954193716389,78.51917587712057
26.8,385.6980208499003,85.95882752125276,81.95908202625758,78.5067790665052
26.88,381.14686403138245,85.9246109253258,81.94141777201581,78.4963869656772
26.96,386.13517345251256,85.89500545603177,81.9266136060005,78.48804596105555
27.04,709.9319601178157,85.87010223674247,81.91472657709377,78.48179712402484
27.12,723.7902522421803,85.84998034997835,81.90580620864526,78.47767610807438
27.2,372.6218450117316,85.83470663925675,81.89989437461949,78.47571305961736
27.28,406.3303337465627,85.82433554184074,81.89702519505654,78.47593254271568
27.36,365.47912200477504,85.81890895281131,81.89722495110965,78.47835347790021
27.44,383.48214904964425,85.8184561208065,81.90051201987494,78.48298909524158
27.52,708.8247580972686,85.82299357569087,81.90689682917773,78.48984690178955
27.6,704.2148780160255,85.83252508833824,81.91638183242969,78.49892866346372
27.68,378.7730048017941,85.84704166262937,81.92896150362066,78.51023040144108
27.76,382.9187774964273,85.86652155968517,81.9446223524575,78.52374240304964
27.84,380.0699906534117,85.8909303542741,81.9633429596122,78.53944924714064
27.92,379.10635243055793,85.92022102325156,81.98509403198999,78.55732984387535
28.0,712.7440314553154,85.95433406580797,82.00983847787799,78.5773574888259
28.080000000000002,705.3552322894757,85.99319765522212,82.03753150178484,78.59949993125363
28.16,378.0709040473935,86.03672782173612,82.06812071873135,78.62371945639234
28.240000000000002,393.99599875433256,86.08482866609074,82.10154628770414,78.64997298152886
28.32,388.07299520876614,86.13739260318141,82.13774106393468,78.6782121656381
28.400000000000002,393.1286211883897,86.19430063521966,82.17663076961946,78.70838353229554
28.48,391.2962884192362,86.25542265371031,82.21813418265,78.74042860555721
28.560000000000002,687.565074836169,86.32061776948137,82.26216334287597,78.77428405846327
28.64,691.5972843970454,86.38973466993336,82.30862377538062,78.80988187379069
28.72,392.4729360512327,86.4626120026057,82.3574147302044,78.84714951664863
28.8,391.1037026543347,86.53907878409137,82.40842943791127,78.88601011848064
28.88,384.7909840603586,86.61895483326681,82.46155538035241,78.92638267200901
28.96,386.1732738330879,86.7020512277433,82.51667457594321,78.96818223662882
29.04,719.1649734368264,86.7881707823864,82.57366387873296,79.01132015373267
29.12,691.1264291674626,86.87710854869502,82.632395290512,79.05570427142258
29.2,390.47097381170045,86.96865233377898,82.69273628516787,79.10123917804123
29.28,382.9780734756611,87.06258323762366,82.7545501444712,79.14782644393236
29.36,382.82318796772785,87.15867620728534,82.8176963044431,79.19536487082051
29.44,395.98776851987196,87.25670060661687,82.88203071142941,79.24375074817911
29.52,712.3812452348204,87.35642080008498,82.94740618698195,79.29287811594013
29.6,712.2026445400096,87.4575967492042,83.01367280062577,79.34263903288142
29.68,398.0547880715433,87.55998462008145,83.08067824957,79.39292385001379
29.76,385.2100384163276,87.66333740053605,83.148268244404,79.44362148827716
29.84,391.8195297129497,87.7674055252368,83.21628689980392,79.49461971984468
29.92,381.8973324340655,87.87193750727697,83.28457712926325,79.54580545232389
30.0,874.999999999999,87.97668057459184,83.3529810428499,79.59706501513712
30.080000000000002,886.7557050458482,88.0813813096114,83.42134034698537,79.64828444735794
30.16,855.9788696740968,88.18578629053238,83.48949674523617,79.69934978627633
30.240000000000002,894.021130325903,88.28964273258985,83.55729233910495,79.75014735596382
30.32,863.2442949541504,88.39269912770862,83.62457002780917,79.80056405510958
30.400000000000002,875.0000000000003,88.49470588091874,83.69117390603729,79.8504876434005
30.48,886.7557050458507,88.5954159419274,83.75694965867801,79.8998070257219
30.560000000000002,855.9788696740973,88.69458543025233,83.82174495152523,79.94841253346071
30.64,894.0211303259027,88.79197425233714,83.88540981697201,79.99619620220089
30.72,863.2442949541512,88.88734670909025,83.9477970337194,80.04305204510953
30.8,874.9999999999995,88.98047209231265,84.00876249954052,80.0888763213229
30.88,886.7557050458514,89.07112526850784,84.06816559615906,80.13356779865465
30.96,855.9788696740969,89.15908724859966,84.12586954531984,80.17702800996277
31.04,894.0211303259025,89.24414574211839,84.18174175515243,80.2191615025272
31.12,863.24429495415,89.32609569445601,84.23565415595287,80.25987607980873
31.2,874.9999999999986,89.4047398058329,84.28748352453516,80.29908303497814
31.28,886.7557050458503,89.47988903066552,84.3371117963335,80.3366973756259
31.36,855.9788696740967,89.55136305607354,84.38442636446669,80.37263803908475
31.44,894.021130325903,89.61899075831808,84.4293203650095,80.40682809782116
31.52,704.8624952873266,89.68261063601744,84.47169294775014,80.43919495437707
31.6,698.0478541844848,89.74207121904706,84.51144953175036,80.46967052536937
31.68,385.96995964992726,89.79723145209005,84.54850204506218,80.49819141408233
31.76,390.9515702543692,89.8479610518698,84.58276914799616,80.52469907121709
31.84,376.81779316766534,89.89414083716265,84.61417643937705,80.54913994339216
31.92,405.9238727568547,89.93566303075649,84.64265664526587,80.57146560901974
32.0,684.9097392775045,89.9724315325931,84.66814978967182,80.59163290121481
32.08,681.787170808184,90.00436216340414,84.69060334682267,80.60960401742643
32.160000000000004,396.5811087350007,90.03138287822534,84.70997237460936,80.62534661551432
32.24,392.9166269396294,90.05343394924988,84.72621962886741,80.63883389602806
32.32,391.2411981705216,90.0704681175588,84.73931565820658,80.65004467048132
32.4,391.28345509264284,90.08245071334566,84.74923887914952,80.6589634154482
32.480000000000004,384.8775322715309,90.0893597443314,84.7559756313894,80.66558031234547
32.56,686.5411844277126,90.09118595214646,84.75952021302705,80.6698912728002
32.64,701.1370683729059,90.08793283653765,84.75987489569857,80.67189794953842
32.72,378.22838288487895,90.07961664733885,84.75704991955561,80.67160773276765
32.8,394.75119733417756,90.06626634422568,84.75106346811039,80.66903373206243
32.88,383.52942618497866,90.0479235243561,84.74194162300968,80.66419474379835
32.96,376.74502803207497,90.02464231807966,84.72971829885175,80.65711520421723
33.04,695.1792123752051,89.99648925297915,84.71443515821082,80.6478251282419
33.12,706.1939718141343,89.96354308658772,84.69614150708423,80.63636003419495
33.2,379.36275447196033,89.92589460820466,84.67489417102587,80.62276085461208
33.28,376.77779604433573,89.88364641031022,84.6507573522792,80.60707383337486
33.36,387.4368721149192,89.83691263015695,84.62380246827078,80.58935040942333
33.44,387.4496657110873,89.78581866219056,84.59410797187216,80.56964708734166
33.52,692.3958523694331,89.73050084202691,84.56175915388425,80.54802529514414
33.6,692.9344254157252,89.67110610278299,84.5268479282434,80.52455122962081
33.68,387.3204993735764,89.60779160463079,84.48947260049137,80.49929568963314
33.76,370.5191565850268,89.54072433850946,84.4497376200946,80.47233389778117
33.84,370.9253622562345,89.47008070499702,84.40775331723796,80.4437453108925
33.92,377.8155577874757,89.39604606940539,84.36363562475852,80.41361341981171
34.0,696.7982927243223,89.31881429422296,84.31750578592103,80.38202553899649
34.08,704.66361348397,89.23858725008559,84.2694900487742,80.34907258645133
34.160000000000004,399.7535621694956,89.15557430651144,84.21971934785918,80.31484885455518
34.24,393.5765962320203,89.06999180368635,84.16832897407463,80.2794517723619
34.32,383.4006147003658,88.98206250663401,84.11545823353245,80.24298165997381
34.4,384.80983792097317,88.89201504314974,84.0612500962658,80.20554147560908
34.480000000000004,374.97470635362197,88.80008332691801,84.00585083567677,80.16723655600174
34.56,699.7223029601141,88.70650596727067,83.94940965963492,80.12817435079012
34.64,695.670120416198,88.61152566707733,83.89207833415807,80.08846415156476
34.72,388.227185603381,88.51538861028868,83.83401080062644,80.04821681626031
34.800000000000004,376.7276905644768,88.41834384067998,83.77536278749686,80.00754448958739
34.88,390.19346514241175,88.32064263336422,83.71629141749803,79.96656032021107
34.96,400.32738913002584,88.22253786066258,83.65695481129913,79.92537817538995
35.04,698.3685977731471,88.12428335393399,83.59751168865304,79.88411235379706
35.12,706.0256758314841,88.02613326297616,83.53812096802153,79.84287729724795
35.2,391.9014399171112,87.92834141461617,83.47894136569413,79.80178730206399
35.28,380.9877952811417,87.83116067211098,83.42013099541312,79.76095623080039
35.36,387.24092481810425,87.73484229697621,83.3618469695163,79.72049722506686
35.44,385.125924007818,87.63963531485514,83.30424500260489,79.68052242016647
35.52,701.4651414782325,87.54578588703006,83.24747901873796,79.64114266227352
35.6,688.404853242168,87.45353668916354,83.19170076314558,79.60246722886508
35.68,385.2451017425895,87.36312629883899,83.1370594194414,79.56460355311212
35.76,389.97998291245455,87.27478859344792,83.08370123330224,79.52765695292678
35.84,399.51143607795046,87.18875215994447,83.03176914356453,79.49173036534988
35.92,394.59270826085213,87.10523971795887,82.98140242167018,79.4569240869501
36.0,732.2977368626733,87.02446755772671,82.93273632037231,79.42333552089026
36.08,688.4897865566793,86.94664499425409,82.88590173258852,79.39105893129971
36.160000000000004,393.72320636720684,86.87197383909752,82.84102486126334,79.36018520557356
36.24,386.8334200573836,86.80064789109294,82.79822690107387,79.33080162519889
36.32,406.8980293321768,86.73285244732024,82.75762373278276,79.30299164568719
36.4,376.91701714644853,86.66876383553907,82.71932563101063,79.27683468616863
36.480000000000004,376.6027815781923,86.60854896927655,82.68343698616602,79.25240592918001
36.56,691.0091103183397,86.55236492669133,82.65005604123552,79.22977613115197
36.64,668.141564135353,86.50035855427744,82.61927464409904,79.20901144407406
36.72,379.74244978319246,86.45266609640944,82.59117801599545,79.19017324878867
36.800000000000004,377.4086733844631,86.40941285166457,82.56584453672428,79.17331800033436
36.88,386.5039378647621,86.37071285678982,82.54334554712544,79.15849708572975
36.96,388.41755975777164,86.3366685991129,82.52374516933612,79.14575669455694
37.04,728.1425625882383,86.30737075812308,82.50710014527925,79.13513770267147
37.12,714.2563575727908,86.28289797687498,82.49345969379117,79.12667556933286
37.2,379.230963443376,86.26331666379285,82.48286538674947,79.12040024801503
37.28,376.01585328651646,86.24868082537591,82.47535104451434,79.11633611112259
37.36,389.9191917150651,86.23903193022755,82.47094265094704,79.1145018888026
37.44,371.79766792979365,86.23439880475166,82.46965828822053,79.11491062200685
37.52,727.4718814878153,86.23479756077997,82.47150809158697,79.1175696299229
37.6,717.6916018108193,86.24023155531293,82.4764942242161,79.12248049185642
37.68,380.308243478953,86.25069138247613,82.48461087216849,79.12963904361035
37.76,367.8686547090913,86.26615489771235,82.49584425951602,79.13903538837044
37.84,398.53872374165417,86.28658727414853,82.5101726835716,79.15065392206917
37.92,383.85460154747386,86.31194109099495,82.52756657013926,79.16447337316441
38.0,718.5672446796019,86.34215645375353,82.54798854864472,79.18046685673231
38.08,676.0835851180844,86.37716114593182,82.57139354695727,79.19860194273745
38.160000000000004,379.0062497704623,86.41687081187901,82.59772890566258,79.21884073830827
38.24,385.05243699718187,86.46118917028264,82.62693451149892,79.2411399838096
38.32,385.4698059376475,86.51000825778634,82.65894294961865,79.26545116246996
38.4,380.4993452852076,86.56320870211361,82.69367967429122,79.29172062328614
38.480000000000004,391.22849932347503,86.62066002400739,82.73106319761592,79.31988971689553
38.56,683.9856935592611,86.68222096722297,82.7710052957681,79.34989494407183
38.64,697.8643077246805,86.7477398557406,82.81341123225764,79.38166811647031
38.72,386.20295631711906,86.8170549772955,82.85817999763583,79.4151365292153
38.800000000000004,390.14438834058757,86.88999499225656,82.90520456504517,79.45022314489509
38.88,392.116148780889,86.96637936682066,82.95437216096647,79.48684678849864
38.96,373.75357908162135,87.04601882942868,83.00556455047962,79.52492235280214
39.04,676.9882874389657,87.1287158492501,83.05865833631695,79.56436101368651
39.12,719.1651523284777,87.21426513552753,83.1135252709544,79.60507045484175
39.2,388.323140119796,87.30245415651994,83.17003258095167,79.64695510129096
39.28,377.5151346344345,87.39306367673352,83.22804330272223,79.68991636114355
39.36,400.51151975522527,87.48586831108341,83.28741662888513,79.73385287496757
39.44,386.15674634292867,87.5806370945862,83.3480082643235,79.77866077215087
39.52,717.6894577609573,87.67713406614428,83.40967079105059,79.8242339336035
39.6,701.0127772211516,87.77511886494737,83.47225404096136,79.87046426013798
39.68,405.6074792488199,87.87434733798466,83.53560547552847,79.9172419458494
39.76,402.5534084244321,87.97457215713305,83.59957057148308,79.96445575580462
39.84,382.5103585152093,88.07554344426265,83.66399321150664,80.0119933073394
39.92,394.7157095095436,88.17700940278031,83.72871607894632,80.05974135425268
40.0,875.0000000000001,88.27871695401646,83.79358105555772,80.10758607318023
40.08,886.755705045851,88.38041237684696,83.85842962126914,80.15541335142422
40.160000000000004,855.9788696740972,88.48184194893477,83.92310325495863,80.20310907551165
40.24,894.0211303259027,88.58275258797164,83.98744383523075,80.25055941975283
40.32,863.2442949541495,88.68289249129961,84.05129404018086,80.29765113407083
40.4,874.9999999999993,88.7820117722971,84.11449774513734,80.34427183037491
40.480000000000004,886.755705045848,88.87986309192172,84.1769004173766,80.3903102667546
40.56,855.9788696740969,88.97620228381462,84.23834950681427,80.43565662877647
40.64,894.0211303259024,89.07078897138744,84.29869483168525,80.48020280717306
40.72,863.2442949541502,89.16338717533283,84.35778895823883,80.52384267122244
40.800000000000004,875.000000000003,89.25376591002416,84.41548757348927,80.56647233712796
40.88,886.7557050458487,89.34169976729781,84.47164985008068,80.60799043072008
40.96,855.9788696740966,89.4269694861434,84.5261388023443,80.64829834381696
41.04,894.0211303259022,89.50936250686294,84.57882163264883,80.68730048359592
41.12,863.2442949541509,89.58867350829885,84.62957006716888,80.72490451434597
41.2,875.0000000000022,89.66470492677422,84.67826068022356,80.76102159099085
41.28,886.7557050458494,89.73726745543405,84.72477520636565,80.79556658379263
41.36,855.9788696740964,89.80618052272625,84.76900083943315,80.82845829366806
41.44,894.0211303259018,89.87127274881396,84.81083051780793,80.85961965757406
41.52,709.6806392437773,89.93238237876581,84.85016319516055,80.88897794344342
41.6,720.5294733629852,89.98935769143034,84.88690409599775,80.91646493417826
41.68,375.350765394199,90.04205738296153,84.92096495536684,80.94201710023661
41.76,391.86051459998447,90.0903509240266,84.95226424211147,80.96557576037587
41.84,395.58424486849594,90.13411888979395,84.98072736511517,80.98708723014752
41.92,367.4126051357689,90.17325326186756,85.00628686201117,81.00650295776764
42.0,682.2511223100133,90.20765770140505,85.02888256988226,81.02377964702012
42.08,669.4115173335985,90.23724779272986,85.04846177751932,81.03887936688234
42.160000000000004,382.3059316555545,90.26195125682185,85.06497935885396,81.05176964759589
42.24,392.1754225579597,90.28170813414717,85.07839788722809,81.06242356294027
42.32,400.02357052096033,90.29647093636558,85.08868773021211,81.07081979850129
42.4,385.7409478041978,90.30620476653216,85.09582712473177,81.07694270576201
42.480000000000004,401.28615545571296,90.3108874074894,85.09980223231437,81.08078234187926
42.56,679.2984781267767,90.31050937822688,85.10060717431456,81.08233449504586
42.64,674.4492634096727,90.30507395806586,85.09824404703059,81.08160069537371
42.72,384.4445230110339,90.29459717860797,85.09272291667331,81.07858821127094
42.800000000000004,388.8406544893931,90.27910778346798,85.08406179420014,81.073310031322
42.88,384.6730525190591,90.25864715589286,85.07228659007804,81.06578483171623
42.96,364.3255789996013,90.23326921444966,85.05743104908935,81.05603692930791
43.04,698.6631994073082,90.20304027704587,85.03953666534555,81.04409622042549
43.12,680.4329574924272,90.16803889362569,85.01865257772351,81.02999810558521
43.2,391.69672548830044,90.12835564796501,84.99483544598831,81.0137834002992
43.28,388.66598246096856,90.08409292906563,84.9681493079156,80.99549823220302
43.36,375.6012021367265,90.03536467272633,84.93866541777464,80.97519392476309
43.44,379.8613308266331,89.98229607394359,84.90646206657972,80.9529268678572
43.52,684.1117971716657,89.92502327086845,84.87162438456419,80.92875837555547
43.6,699.0598135409024,89.86369300111805,84.83424412637623,80.90275453146084
43.68,394.55142320501244,89.79846223130968,84.79441943953873,80.87498602199979
43.76,375.1427395366446,89.72949776075376,84.75225461675824,80.84552795808436
43.84,390.0404651551785,89.65697580030623,84.70785983270896,80.81445968559633
43.92,379.69742381627566,89.58108152744481,84.6613508659563,80.78186458517166
44.0,688.1069075160649,89.5020086186926,84.61284880672264,80.74782986179163
44.08,698.3945446006817,89.41995876057054,84.56247975123378,80.71244632471179
44.160000000000004,374.64757677580633,89.33514114031391,84.5103744834177,80.67580815828468
44.24,379.46350694652824,89.24777191763934,84.45666814475997,80.63801268425557
44.32,373.02122107411157,89.15807367889708,84.40149989314996,80.59916011613122
44.4,404.64725132916396,89.06627487498679,84.34501255157932,80.55935330624247
44.480000000000004,385.35263551971735,88.97260924445743,84.28735224758032,80.51869748613959
44.56,689.5041173801112,88.877315223248,84.22866804431493,80.47730000097606
44.64,703.2096986610134,88.78063534256052,84.16911156424649,80.43527003855183
44.72,383.87671950309175,88.68281561638618,84.10883660634455,80.39271835370057
44.800000000000004,382.7903040046678,88.58410492023192,84.04799875779003,80.349756988717
44.88,391.1416670004343,88.4847543626167,83.98675500116141,80.30649899053078
44.96,392.5750771004731,88.3850166509253,83.92526331809442,80.26305812534105
45.04,692.0424827858421,88.28514545322136,83.86368229041625,80.21954859143291
45.12,691.3627263903298,88.18539475763217,83.80217069976202,80.176084730901
45.2,382.2494830284836,88.08601823092297,83.74088712668484,80.13278074100833
45.28,361.9807883526442,87.98726857788164,83.6799895502722,80.08975038591005
45.36,369.84808937801455,87.88939690313138,83.61963494927993,80.04710670946952
45.44,398.6687426744453,87.79265207698424,83.5599789057918,80.00496174989297
45.52,724.6745157025192,87.6972801069368,83.50117521240522,79.96342625690303
45.6,696.2644594066543,87.60352351639617,83.44337548393618,79.92260941216597
45.68,390.7655696305577,87.51162073220523,83.38672877462339,79.88261855367857
45.76,388.1125015454354,87.42180548251484,83.33138120179956,79.84355890481115
45.84,415.78880808455244,87.3343062065235,83.27747557697971,79.80553330869093
45.92,396.1957491143458,87.24934547757594,83.22515104529883,79.76864196859698
46.0,698.0812361277885,87.1671394410779,83.17454273420954,79.73298219502234
46.08,685.6668933909937,87.0878972686466,83.12578141232734,79.69864816004237
46.160000000000004,368.93553679742433,87.01182062987654,83.07899315928515,79.6657306596098
46.24,387.0346363586723,86.93910318305404,83.03429904743096,79.634316884377
46.32,377.436492547157,86.86993008610804,82.99181483617309,79.6044901996242
46.4,370.7774629040233,86.80447752903166,82.95165067974473,79.57632993484988
46.480000000000004,378.5342711575748,86.74291228895638,82.91391084912631,79.54991118355476
46.56,683.776779945784,86.68539130900233,82.87869346882792,79.52530461372491
46.64,725.3071245260885,86.63206130196868,82.84609026919695,79.5025762894931
46.72,393.81639756949454,86.58305837986548,82.8161863548763,79.48178750442858
46.800000000000004,384.9202735868339,86.53850771022238,82.78905998999856,79.46299462687674
46.88,399.79944138890033,86.49852320004285,82.76478240065835,79.446248957739
46.96,385.77368307647623,86.463207208202,82.74341759516186,79.43159660105252
47.04,687.080736980076,86.4326502870146,82.72502220250806,79.41907834769628
47.12,722.8468611590448,86.40693095362619,82.70964532950909,79.40872957251786
47.2,390.38910043684666,86.3861154918048,82.69732843691098,79.40058014514013
47.28,374.62753845673546,86.37025778463374,82.68810523482786,79.39465435467378
47.36,383.096613219164,86.35939917852849,82.68200159775337,79.39097084852538
47.44,376.2438174661525,86.35356837892085,82.67903549936432,79.38954258545608
47.52,679.258004035535,86.35278137787414,82.67921696728118,79.39037680300883
47.6,713.8926632129746,86.35704141381211,82.68254805789968,79.3934749993872
47.68,404.09416640470135,86.3663389634635,82.68902285135714,79.39883292983093
47.76,371.01432426180867,86.38065176604239,82.69862746664616,79.40644061749785
47.84,390.6296923669058,86.39994487960348,82.71134009683772,79.41628237882426
47.92,378.4935743087818,86.42417076942982,82.72713106432445,79.42833686330012
48.0,692.6931192435295,86.4532694282297,82.74596289594479,79.44257710755828
48.08,691.114091136417,86.48716852783933,82.76779041779793,79.45897060364132
48.160000000000004,376.3600923032019,86.52578360204772,82.79256086951067,79.47747938127337
48.24,385.4852162794483,86.56901826008233,82.82021403766659,79.49806010392932
48.32,376.6904988358897,86.61676443021585,82.85068240806157,79.52066417845857
48.4,387.7045682577984,86.66890263287915,82.88389133640018,79.5452378779864
48.480000000000004,384.49761890550866,86.7253022825901,82.91975923700221,79.57172247778267
48.56,696.4157792970038,86.78582201793594,82.95819778904264,79.6000544037545
48.64,686.386545069376,86.85031005877521,82.99911215980391,79.63016539318787
48.72,379.2322866943167,86.91860458975754,83.04240124437656,79.66198266733207
48.800000000000004,392.55391225825764,86.99053416919189,83.08795792120306,79.69542911539118
48.88,390.00917187624384,87.06591816223074,83.13566932281869,79.73042348945752
48.96,375.22444755201457,87.14456719727602,83.1854171211064,79.7668806098951
49.04,701.4899845814384,87.22628364445362,83.23707782634419,79.80471158065366
49.120000000000005,711.2708068505768,87.31086211494807,83.29052309929038,79.8438240139701
49.2,368.3059471887863,87.3980899799359,83.34562007551781,79.88412226388908
49.28,390.4336019237994,87.48774790780695,83.40223170117812,79.92550766801327
49.36,378.3737624105416,87.57961041831634,83.46021707934773,79.96787879687244
49.44,390.70598668593163,87.67344645226744,83.51943182608062,80.01113171028149
49.52,688.5511126518622,87.76901995528696,83.57972843526869,80.05516022003981
49.6,672.9267684900323,87.86609047421699,83.64095665138773,80.09985615830853
49.68,368.7245756211684,87.96441376461793,83.70296384918775,80.1451096509874
49.76,385.4808494666139,88.06374240784771,83.76559541936832,80.19080939540115
49.84,387.5972250172149,88.16382643615808,83.82869515926474,80.23684294159348
49.92,375.95683374895594,88.26441396422925,83.8921056675582,80.2830969765184
50.0,874.9999999999968,88.36525182554792,83.9556687420128,80.3294576104109
50.08,886.75570504585,88.46608621202016,84.01922577923469,80.37581066461357
50.160000000000004,855.9788696740975,88.56666331520466,84.08261817544363,80.4220419601321
50.24,894.0211303259031,88.66672996754552,84.14568772724456,80.46803760619086
50.32,863.2442949541522,88.76603428198543,84.2082770313866,80.51368428805942
50.4,874.9999999999959,88.86432628834318,84.27022988250002,80.55886955342311
50.480000000000004,886.755705045847,88.9613585648483,84.33139166780617,80.60348209657433
50.56,855.9788696740973,89.05688686323688,84.39160975780348,80.64741203970635
50.64,894.0211303259027,89.15067072583058,84.45073389194249,80.69055121059957
50.72,863.2442949541529,89.24247409303885,84.50861655831585,80.7327934159981
50.800000000000004,874.9999999999997,89.33206589975075,84.56511336640395,80.77403470998695
50.88,886.7557050458477,89.41922065910917,84.62008341193484,80.81417365669093
50.96,855.978869674097,89.50371903219335,84.67338963293658,80.85311158663254
51.04,894.0211303259025,89.58534838217,84.72489915608261,80.89075284610071
51.120000000000005,863.24429495415,89.6639033115139,84.77448363245557,80.92700503890069
51.2,874.9999999999987,89.73918618094027,84.82201956188078,80.96177925987433
51.28,886.7557050458485,89.81100760873855,84.86738860501089,80.99499031960096
51.36,855.9788696740967,89.87918694924602,84.91047788237262,81.0265569597112
51.44,894.0211303259023,89.94355274925248,84.95118025962066,81.0564020582698
51.52,709.5788868816607,90.00394318118336,84.9893946182779,81.0844528247086
51.6,675.0771990659656,90.06020645196679,85.02502611127835,81.1106409838176
51.68,384.3392020135269,90.11220118655197,85.0579864026668,81.1349029483287
51.76,372.8898380023755,90.15979678510985,85.0881938908502,81.15717997965682
51.84,378.48163892197846,90.202873753014,85.11557391483659,81.17741833639195
51.92,385.4739867131642,90.241324002768,85.14005894294047,81.19556941016714
52.0,687.0937995207407,90.27505112711671,85.16158874347829,81.21158984855927
52.08,694.2316668365527,90.30397064265148,85.1801105370225,81.22544166471212
52.160000000000004,395.0629280921445,90.32801020329401,85.19557912982982,81.23709233340469
52.24,379.23108130476857,90.34710978311959,85.20795702810656,81.24651487332241
52.32,393.35692112065146,90.36122182805765,85.21721453282242,81.25368791532311
52.4,373.7029314534239,90.37031137608702,85.22332981483315,81.25859575652544
52.480000000000004,390.29804177915287,90.37435614562139,85.22628897012252,81.26122840008316
52.56,721.6235293098686,90.37334659186273,85.22608605502387,81.2615815805447
52.64,662.9253324980907,90.3672859309793,85.22272310133226,81.25965677473415
52.72,377.0310474452953,90.35619013204813,85.2162101112693,81.25546119812583
52.800000000000004,390.7707212718055,90.34008787678152,85.20656503231307,81.24900778672206
52.88,382.9695461395701,90.31902048713994,85.19381371195695,81.24031516447954
52.96,388.71145873371313,90.29304182101372,85.17798983251151,81.22940759636688
53.04,690.9402221992627,90.26221813623737,85.15913482611427,81.21631492717161
53.120000000000005,701.2988468120935,90.22662792327986,85.1372977701619,81.20107250621159
53.2,383.44322764607927,90.18636170703365,85.11253526342917,81.1837210981407
53.28,396.6778206165981,90.14152181820299,85.08491128318742,81.16430678007418
53.36,387.5442084330122,90.09222213486919,85.05449702368371,81.14288082529382
53.44,388.3760266207521,90.0385877948855,85.02137071638835,81.11949957382625
53.52,693.8218455081629,89.98075487982845,84.98561743246518,81.09422429022163
53.6,692.6859066389126,89.91887007130347,84.94732886796358,81.067121008892
53.68,380.67441812180385,89.85309028047352,84.90660311227447,81.03826036739976
53.76,388.94452142378304,89.78358225174647,84.86354440043573,81.00771742811762
53.84,380.79015519179745,89.71052214162196,84.81826284991234,80.97557148871044
53.92,387.8977485689642,89.63409507376232,84.77087418251635,80.94190588191775
54.0,731.1310119796816,89.55449467141071,84.72149943216901,80.90680776514256
54.08,713.0668705514754,89.47192256833826,84.6702646392436,80.8703679003783
54.160000000000004,381.73976467832165,89.38658789955531,84.61730053226057,80.83268042502948
54.24,397.01213922163953,89.29870677307323,84.56274219773954,80.79384261420523
54.32,380.91924626978454,89.20850172405143,84.5067287390418,80.75395463508605
54.4,364.6187546482215,89.11620115270816,84.4494029250655,80.71311929398435
54.480000000000004,374.919136890826,89.02203874741518,84.39091082968037,80.67144177673772
54.56,671.9381211846122,88.92625289443363,84.33140146281345,80.62902938309074
54.64,694.7272977393803,88.8290860757819,84.27102639411734,80.58599125573613
54.72,385.1841837918956,88.73078425675705,84.20993937017163,80.54243810470005
54.800000000000004,401.7643731227529,88.63159626465628,84.14829592618472,80.49848192776747
54.88,388.2692737376417,88.53177316026857,84.08625299317673,80.45423572765401
54.96,382.8089947119114,88.43156760372361,84.02396850163582,80.40981322663856
55.04,712.4410837177523,88.33123321630019,83.96160098264916,80.3653285793778
55.120000000000005,666.8329703648817,88.23102393980622,83.89930916751618,80.32089608462783
55.2,387.35614558108574,88.13119339514853,83.83725158685534,80.27662989660115
55.28,392.7086519388697,88.03199424171272,83.77558617021738,80.2326437366883
55.36,370.2141375422016,87.93367753917168,83.7144698472161,80.18905060627233
55.44,396.43754043206934,87.83649211333423,83.65405815118477,80.14596250136134
55.52,705.0774461124162,87.74068392763668,83.59450482635886,80.10349012976023
55.6,693.770681291488,87.64649546186416,83.5359614395776,80.06174263149607
55.68,391.3278186610629,87.55416509967169,83.47857699748538,80.02082730320312
55.76,407.706928578044,87.46392652645198,83.42249757019972,79.980849327164
55.84,386.81866255058503,87.37600813907079,83.36786592239672,79.94191150569121
55.92,387.4822058630034,87.29063246896142,83.31482115274565,79.90411400152033
56.0,693.1095865068963,87.20801562003508,83.26349834260364,79.86755408487032
56.08,687.2523344580281,87.12836672282748,83.21402821485805,79.83232588781
56.160000000000004,393.3033581654425,87.05188740626022,83.16653680377793,79.79852016655146
56.24,376.4391617409114,86.97877128835158,83.12114513670896,79.76622407227038
56.32,385.715662372194,86.90920348716301,83.07796892841564,79.73552093103268
56.4,380.22342553234887,86.84336015321689,83.03711828884316,79.70649003338313
56.480000000000004,389.789798257464,86.7814080245667,82.99869744503677,79.67920643412747
56.56,705.0049315793042,86.72350400564338,82.9628044779215,79.65374076281394
56.64,715.5630991638685,86.66979477094189,82.92953107460691,79.63015904539287
56.72,379.8998360114526,86.62041639454918,82.8989622968427,79.60852253750481
56.800000000000004,382.30125064706635,86.57549400644919,82.87117636620994,79.58888756981843
56.88,375.21236284217696,86.5351414764732,82.84624446659079,79.57130540580877
56.96,380.5570673992389,86.49946112669404,82.8242305644154,79.55582211233532
57.04,705.6595073956728,86.46854347299039,82.80519124714033,79.54247844334641
57.120000000000005,711.3548292496803,86.44246699643426,82.78917558036629,79.5313097370043
57.2,375.7783467582238,86.42129794507903,82.77622498395633,79.5223458264904
57.28,393.69605920105664,86.40509016664879,82.76637312746729,79.51561096471595
57.36,398.55637858804954,86.39388497255158,82.75964584515872,79.51112376312872
57.44,389.1343490322371,86.38771103356011,82.75606107079393,79.5088971447699
57.52,728.151937188371,86.38658430742349,82.75562879239791,79.50893831169986
57.6,688.3931620134464,86.39050799859268,82.75835102708643,79.51124872687534
57.68,372.5534529668859,86.39947255016166,82.7642218160298,79.51582411052345
57.76,367.2127975109573,86.41345566804442,82.77322723956415,79.52265445102204
57.84,399.96044311489186,86.43242237732692,82.78534545241196,79.53172403025852
57.92,391.54365656354065,86.45632511065149,82.80054673892298,79.54301146340352
58.0,699.1662299363431,86.48510382841053,82.8187935881958,79.55648975299859
58.08,704.1995293947973,86.51868617044587,82.84004078889062,79.57212635722152
58.160000000000004,373.74510952701627,86.5569876388705,82.86423554349344,79.5898832721567
58.24,409.4575197961683,86.59991181155101,82.89131760174304,79.60971712786277
58.32,386.2922118197523,86.64735058571134,82.92121941288406,79.63157929799492
58.4,386.093947946049,86.69918445104248,82.9538662963611,79.65541602270476
58.480000000000004,392.257666238987,86.75528279162835,82.98917663052289,79.68116854450763
58.56,707.2151384760507,86.81550421592496,83.02706205885997,79.70877325677368
58.64,703.358260364187,86.87969691395953,83.06742771325465,79.73816186446821
58.72,377.0952554455469,86.9476990408472,83.11017245367947,79.7692615567345
58.800000000000004,389.71468357136,87.01933912565623,83.15518912373862,79.801995190884
58.88,403.8202449647504,87.09443650458942,83.20236482140685,79.83628148732832
58.96,398.4542004615498,87.17280177738704,83.25158118428182,79.87203523496119
59.04,723.897799399591,87.2542372857985,83.30271468862951,79.90916750647123
59.120000000000005,692.3317648535323,87.33853761291425,83.35563696146718,79.94758588304197
59.2,375.10395179741425,87.42549010209625,83.4102151048955,79.98719468787094
59.28,383.7421307990036,87.51487539419651,83.46631203186062,80.02789522791869
59.36,385.557249122887,87.60646798170634,83.52378681249809,80.0695860432765
59.44,395.94191518470956,87.70003677843664,83.58249503018345,80.11216316352301
59.52,674.6130305542777,87.79534570329011,83.64228914639058,80.15552037042222
59.6,722.9432547919092,87.89215427665081,83.70301887343554,80.19954946629947
59.68,383.41992101421016,87.99021822788443,83.76453155416489,80.24414054741699
59.76,380.73118930052584,88.08929011241469,83.82667254762892,80.28918228165885
59.84,374.8789562473984,88.18911993681728,83.88928561976584,80.33456218982377
59.92,368.45143328134236,88.28945579035182,83.95221333810997,80.38016692981506
60.0,874.999999999998,88.39004448133734,84.01529746952667,80.42588258301006
