Time_s,Power_W,OpenFOAM_Junction_Temp_degC,Baseline_NoPCM_degC,Uniform_PCM_degC
0.0,875.0,69.5,34.964164976606554,34.963946655389144
0.08,886.7557050458495,69.6203026656799,34.92359455096064,34.92224990696172
0.16,855.9788696740969,69.73999221494478,34.883062533428614,34.8805401643801
0.24,894.0211303259031,69.85895802184234,34.842763895481106,34.83907962698522
0.32,863.2442949541505,69.97709001477243,34.802575065557036,34.79773149566776
0.4,875.0,70.0942789630017,34.762582378527064,34.75659351436147
0.48,886.7557050458495,70.21041676099807,34.72276836287583,34.71564453196138
0.56,855.9788696740969,70.32539670986687,34.683072443661864,34.67481833669865
0.64,894.0211303259031,70.4391137951781,34.643607589507724,34.63424047304404
0.72,863.2442949541505,70.55146496048381,34.604249083341614,34.59377128852956
0.8,875.0,70.66234937583427,34.56508325850047,34.55350848379236
0.88,886.7557050458495,70.77166870061556,34.52609265768086,34.513430922676235
0.96,855.9788696740969,70.87932734004508,34.48721672031138,34.47347240950039
1.04,894.0211303259031,70.98523269467684,34.44856842932705,34.43375850477968
1.12,863.2442949541505,71.08929540228708,34.410023081909436,34.39414957202194
1.2,875.0,71.19142957152947,34.371667025589105,34.35474332777139
1.28,886.7557050458495,71.29155300676993,34.333482817197364,34.31551865171081
1.36,855.9788696740969,71.38958742353343,34.295409910238206,34.27640936393035
1.44,894.0211303259031,71.48545865401907,34.25756130166371,34.23754104064829
1.52,707.4507122951685,71.57909684216435,34.2195939533197,34.19853600454679
1.6,697.9260354824322,71.6704366277665,34.18184597491367,34.15977518644846
1.68,391.476885381007,71.75941731919606,34.14383066905699,34.12071896322349
1.76,400.23029856408033,71.84598305426645,34.10610876108422,34.08199458370266
1.84,382.6584662527667,71.93008294885398,34.068517612061704,34.043408268440736
1.92,382.65863043050825,72.01167123289277,34.031090192845994,34.00499614407081
2.0,723.6881922326108,72.09070737340168,33.99429687156605,33.967270119196776
2.08,711.5115209372937,72.16715618423278,33.957503480881414,33.92951961227879
2.16,380.30525614065056,72.240987922264,33.92040236595525,33.891427589124795
2.24,390.4256004358597,72.31217836979408,33.88360263146646,33.85367745734351
2.32,380.3658230718754,72.38070890293137,33.84693992305852,33.81607226065155
2.4,380.3427024642975,72.44656654580425,33.810434030891095,33.77863330550012
2.48,387.4196227156604,72.50974401045653,33.77409031978032,33.741365922530804
2.56,671.300796330133,72.57023972232763,33.73829317121415,33.70468874936307
2.64,674.1262325123045,72.62805783125285,33.70253564530678,33.66803355544351
2.72,379.3771247075903,72.68320820795702,33.66651147258863,33.631081041107585
2.8000000000000003,374.8716887966558,72.73570642605019,33.630749034851746,33.59442510832746
2.88,388.1424733259528,72.78557372957114,33.595157653622756,33.55795189365084
2.96,375.91975924478794,72.83283698616151,33.55969226678209,33.521610083463536
3.04,678.8154444799707,72.87752862598842,33.52480407914691,33.48589292763158
3.12,721.9847315338233,72.9196865665707,33.49000076309283,33.450246114139404
3.2,382.7422369951347,72.95935412369889,33.45484822765506,33.414209634871234
3.2800000000000002,385.6752820468793,72.99657990867384,33.41998180058031,33.37849865385884
3.36,370.7525181378655,73.03141771212458,33.3852404367835,33.342920031757025
3.44,379.5561727547482,73.06392637469847,33.35066223323797,33.30751490811653
3.52,701.663838845648,73.09416964495105,33.316676194356646,33.27274971238319
3.6,682.7350963386655,73.1222160247948,33.282676440393786,33.23794623235799
3.68,388.7569801834568,73.14813860289723,33.248412291108465,33.202848984424065
3.7600000000000002,378.993613100812,73.17201487644982,33.21439497334926,33.16803215267891
3.84,382.08306250206726,73.19392656175812,33.180529267402115,33.13337717338264
3.92,378.9829338777061,73.21395939413158,33.14679924670417,33.09886479693722
4.0,727.7841727676341,73.2322029175794,33.113699933353864,33.06503498471952
4.08,699.797541628931,73.24875026484335,33.08055989778114,33.031136017805075
4.16,374.42289071044104,73.26369792832385,33.047111362372654,32.99689561915969
4.24,393.22544912103194,73.27714552247822,33.013958897735044,32.962991138835086
4.32,372.79156350028984,73.2891955382913,32.980910211033276,32.92919491448942
4.4,387.0886359500476,73.29995309043942,32.948027446338564,32.89557548484431
4.48,365.4032987612023,73.30952565778612,32.915245772324,32.86206034588964
4.5600000000000005,680.0772092665236,73.31802281786597,32.883050396342384,32.82918037627807
4.64,702.9529185380369,73.32555597602688,32.85089556183797,32.7963218660037
4.72,392.3846657999542,73.33223808991605,32.81842870918608,32.76311540785725
4.8,386.7136828118998,73.33818339000514,32.786213346103594,32.730195251909585
4.88,383.84351717611764,73.34350709686142,32.75413217716556,32.6974178471456
4.96,381.98896304410715,73.34832513587891,32.72218336235736,32.664779786078924
5.04,677.8221701444886,73.35275385019085,32.6907831253745,32.632734756142625
5.12,689.2023368740794,73.35690971248854,32.6594114359014,32.60069911134246
5.2,380.3936122904022,73.36090903647505,32.627731625111885,32.568320515068834
5.28,395.5712222621892,73.36486768868275,32.59632860066602,32.53625577871282
5.36,388.4361828956847,73.36890080138306,32.56504205883782,32.50431333527852
5.44,367.3695984463727,73.37312248731386,32.533859227724996,32.47247918618197
5.5200000000000005,704.8612595409219,73.37764555694524,32.50328787178392,32.441307762800704
5.6000000000000005,694.2237657937552,73.38258123899826,32.47269418839813,32.41008803217702
5.68,378.23077999694044,73.38803890492285,32.44178765929678,32.37852129097083
5.76,391.11676288840874,73.39412579803127,32.411154467451766,32.34726516943608
5.84,395.30999522495955,73.4009467679711,32.380651381572505,32.31614638426944
5.92,394.31280119116207,73.40860401120956,32.35027234944674,32.285157477546115
6.0,687.4117371516604,73.41719681818401,32.320431136725965,32.25474985157646
6.08,695.3618143622318,73.42682132775847,32.290608252841245,32.22434067847119
6.16,388.3126343140357,73.43757028960601,32.26047464270705,32.19358597783188
6.24,394.75545127122365,73.44953283511784,32.23059844492603,32.16312399132263
6.32,380.20825762154715,73.46279425741777,32.2008254604323,32.132770374496246
6.4,383.14341023336186,73.47743580103842,32.171186526089315,32.1025586426224
6.48,373.93665025993977,73.49353446179012,32.14165716164171,32.07246117979076
6.5600000000000005,682.0569006387899,73.51116279732868,32.112686418902065,32.04296818082309
6.640000000000001,712.1878873359129,73.53038874890073,32.08375549826931,32.013496296027306
6.72,398.5624002857083,73.55127547471693,32.0544919652556,31.983653753890014
6.8,384.27989878419675,73.57388119537444,32.02545568222714,31.95407135394086
6.88,395.0353289789203,73.59825905171921,31.99656289578115,31.924642468552854
6.96,388.6163602504764,73.62445697550739,31.967777368991808,31.895324967854396
7.04,690.3232036809231,73.65251757319271,31.939537218117863,31.866597336390512
7.12,705.4209340826262,73.68247802313394,31.91131532375713,31.83786768927947
7.2,400.38036566465973,73.71436998648167,31.882775939513742,31.808784776366057
7.28,384.64173960890054,73.74821953197058,31.854455391309866,31.779952449213443
7.36,400.6464365581401,73.78404707480648,31.82628325087274,31.75127907298294
7.44,358.80254895910264,73.82186732980364,31.798163623995872,31.722657140056263
7.5200000000000005,712.3285375656284,73.86168927889007,31.770673364353065,31.694718646789838
7.6000000000000005,701.3057060235726,73.9035161530638,31.74314108606448,31.666709700112648
7.68,382.0099264953414,73.94734542884554,31.715278640501978,31.638334952812766
7.76,385.91760776535506,73.993168839237,31.6876655793599,31.610245034857012
7.84,365.1243108539911,74.04097239915735,31.660138621812845,31.582245136835677
7.92,382.80328112162493,74.09073644529384,31.63275952672298,31.554402653513876
8.0,705.3566885726761,74.14243569026607,31.605939687396216,31.527164020833034
8.08,722.1684106711227,74.19603929096722,31.579126122256095,31.499909113782312
8.16,379.8172978172636,74.25151093091002,31.55193610658138,31.47223654573501
8.24,376.9150639710682,74.30880891636929,31.52499220449172,31.444846458356974
8.32,379.9824295641547,74.36788628607883,31.49816790097419,31.41758342179342
8.4,394.1540211770208,74.42869093420525,31.471474108564262,31.390457613773787
8.48,388.2875110965969,74.4911657462888,31.444877702102538,31.363432236428945
8.56,692.0535969434944,74.55524874780745,31.418820190205732,31.33698972889049
8.64,707.6990114967003,74.62087326498983,31.392771775713197,31.3105352180085
8.72,385.97077549348046,74.68796809747003,31.366373191426977,31.28369188965815
8.8,394.68644990532897,74.75645770234944,31.340225462794916,31.257135107055447
8.88,377.97946906122655,74.8262623891998,31.31416154344546,31.230665663636046
8.96,381.7233785340224,74.89729852551582,31.288218196808494,31.204323717076548
9.040000000000001,694.1183777030176,74.96947875209814,31.2628194344891,31.17857047337562
9.120000000000001,678.0472757780183,75.04271220782285,31.237379071660033,31.1527494709915
9.200000000000001,387.9612027706458,75.11690476323015,31.211642991046194,31.126600796894145
9.28,387.61055272179897,75.19195926234185,31.186129807780134,31.10070658322518
9.36,385.05113456642465,75.26777577209748,31.160721078184146,31.074922634540634
9.44,382.6541286662486,75.34425183877883,31.135415969880782,31.04924698237474
9.52,678.7694388692438,75.42128275077536,31.110632350712223,31.024135179835042
9.6,693.6903201585196,75.49876180702701,31.08585454541431,30.999008289365037
9.68,381.57285483473237,75.57658059046646,31.060735072579902,30.9735020022387
9.76,376.9772273077839,75.65462924577004,31.035838626627474,30.948251464797387
9.84,383.38714288333995,75.7327967607161,31.011058445687862,30.92312443720017
9.92,389.04050856814547,75.8109712504404,30.98638698475127,30.898110823038806
10.0,875.0,75.88904024387001,30.962497176419777,30.873944255814127
10.08,886.7557050458493,75.9668909716132,30.93852904313927,30.849660238360148
10.16,855.9788696740968,76.04441065457742,30.914610437978837,30.825422766068083
10.24,894.021130325903,76.12148679258719,30.890857084728506,30.80136234658142
10.32,863.2442949541505,76.1980074522724,30.867144574486133,30.77733972920048
10.4,875.0000000000003,76.27386155350027,30.843559514157054,30.753452920678043
10.48,886.7557050458499,76.34893915362757,30.82008471840777,30.729681087713143
10.56,855.9788696740968,76.4231317288552,30.79665989749608,30.705958336140345
10.64,894.0211303259031,76.49633245197433,30.77339830405749,30.682410526695303
10.72,863.2442949541503,76.56843646580306,30.750175503849338,30.658898321818253
10.8,875.0000000000006,76.63934115162277,30.727078111858212,30.635519735703408
10.88,886.7557050458497,76.70894639193614,30.7040889512564,30.612253944406095
10.96,855.9788696740969,76.77715482688356,30.681147740778417,30.589035063117407
11.040000000000001,894.0211303259032,76.84387210367012,30.658367741501248,30.565988961890266
11.120000000000001,863.2442949541501,76.9090071183733,30.635624527588504,30.542976312442107
11.200000000000001,875.0000000000009,76.97247224952065,30.613004722397925,30.520095138204574
11.28,886.7557050458504,77.03418358284782,30.59049115743814,30.497324624430853
11.36,855.9788696740967,77.09406112666893,30.568023559745278,30.474598895470344
11.44,894.0211303259028,77.15202901731575,30.545715198663174,30.452043830494993
11.52,728.292788518158,77.2080157141267,30.52325251807728,30.429313901050595
11.6,702.6186671924776,77.26195418349319,30.50091359499476,30.406723425104172
11.68,387.5755039072277,77.31378207149886,30.47823740562058,30.383762763013628
11.76,384.2555408423384,77.36344186471531,30.455777262045558,30.361050815692746
11.84,365.81228784700966,77.41088103874871,30.43338790216703,30.338412921055898
11.92,384.7348612455079,77.45605219416177,30.411125825852693,30.315910248699147
12.0,700.9034531491154,77.49891317942833,30.38939221359267,30.293978124433412
12.08,736.9486316872793,77.5394272006098,30.367673173291305,30.272039473160504
12.16,383.0763903521888,77.57756291747643,30.345532635780003,30.24963334678578
12.24,388.0154734233362,77.6132945258313,30.323632656566843,30.22750456199338
12.32,384.6528823029476,77.64660182582845,30.301819158031517,30.205466680671428
12.4,373.31321962380474,77.67747027611348,30.280082056030047,30.183507712499214
12.48,396.4282281451503,77.70589103364921,30.25847253020809,30.161683900967816
12.56,711.2789954903017,77.73186097912676,30.23738518620355,30.140423576452008
12.64,711.8654792056457,77.75538272789731,30.216260527796763,30.119100265506997
12.72,375.90612545205266,77.77646462639733,30.194751188791656,30.097351665443668
12.8,399.02794310936105,77.79512073407666,30.17349828249654,30.075896911248208
12.88,370.98148937207725,77.81137079087475,30.152287199364302,30.054483335110127
12.96,390.86857093800273,77.82524017032782,30.131203542176777,30.033205666186415
13.040000000000001,732.8568343871497,77.83675981842518,30.110679285979042,30.012532357956182
13.120000000000001,685.1419551230397,77.84596617836948,30.090036835822417,29.991706424880366
13.200000000000001,379.33702270397237,77.85290110143112,30.069069133471242,29.970522635752754
13.280000000000001,385.99651365087647,77.85761174412183,30.048320724934975,29.94959075643817
13.36,379.9652434588381,77.86015045194786,30.02764932009638,29.928739258718036
13.44,369.4933656893387,77.86057463003588,30.007051821341157,29.907964195536387
13.52,701.0284446220904,77.85894660095909,29.987009074145327,29.88779008164671
13.6,684.0654442941084,77.85533345012246,29.96689356470866,29.86751363078509
13.68,389.7359243063519,77.84980685909812,29.946454446560786,29.846879483750083
13.76,375.805757657662,77.84244292733149,29.926198810146474,29.82645747735154
13.84,400.49934405017547,77.83332198266939,29.90606935739497,29.806170620822954
13.92,377.1674670766377,77.82252838118818,29.885981346069293,29.785923214214435
14.0,695.1690772569149,77.81015029682827,29.866431977713585,29.766259837306304
14.08,712.202758260545,77.79627950136602,29.846860916160175,29.74655065896163
14.16,372.6913568356605,77.78101113527939,29.826887126652494,29.726395725112862
14.24,387.2745993460413,77.76444347008609,29.807152734575986,29.706516334612306
14.32,398.0714275428243,77.7466776627545,29.787511707435726,29.686734948196175
14.4,368.9251676543878,77.72781750280832,29.76790734756383,29.666988519286072
14.48,386.8463385853231,77.7079691527635,29.748421439538458,29.647368433088648
14.56,703.8982419137263,77.68724088255337,29.729454114775596,29.628308470759123
14.64,711.7273430766596,77.66574279861308,29.7104499358128,29.609186119926058
14.72,372.63049289121926,77.6435865683076,29.69104493014807,29.589620658092095
14.8,371.7954338691573,77.62088514039965,29.671855224095456,29.57030453852745
14.88,390.219415656169,77.59775246226387,29.652773467181834,29.551103242889532
14.96,387.9698467323319,77.5743031945614,29.633760772942882,29.531971916144922
15.040000000000001,703.7573927551881,77.55065242409606,29.615270735121804,29.513406136154863
15.120000000000001,705.1967231424546,77.52691537557745,29.596733506417483,29.4947668967179
15.200000000000001,378.19975278421515,77.50320712301908,29.577813026369284,29.475704122011045
15.280000000000001,387.3225369716101,77.47964230150095,29.559114976202455,29.456897860295413
15.36,387.93072473298685,77.45633482002445,29.540493809747023,29.43817199404715
15.44,377.8564858197364,77.43339757618543,29.52193589167244,29.41951076256722
15.52,727.9866176671713,77.41094217338596,29.503950089016346,29.40146956159655
15.6,707.1074938136768,77.38907864129945,29.485870019571745,29.383301734976058
15.68,373.0869650279736,77.36791516029524,29.46740369537694,29.364708256358465
15.76,391.56553608633834,77.34755779051909,29.449173944497666,29.34638724332285
15.84,375.2531832977268,77.3281102063137,29.430991706783715,29.328114160766564
15.92,392.8708460374246,77.30967343665063,29.412916417480446,29.309954315845566
16.0,717.3789336851111,77.29234561222906,29.39536433383676,29.2923597435083
16.080000000000002,687.6897652247244,77.27622171988068,29.377713930975023,29.274635498493673
16.16,394.6337612924433,77.2613933649009,29.359736551938788,29.256550876489264
16.240000000000002,389.12780926936506,77.24794854190706,29.341943756140548,29.238679829437995
16.32,393.220601599945,77.23597141480246,29.32423462801494,29.220897353706494
16.4,403.96792982653955,77.22554210640222,29.3066128088074,29.20320570540578
16.48,382.54611883997137,77.21673649825246,29.28903011575142,29.18555191225229
16.56,688.6939575346377,77.20962604114851,29.271958315051812,29.168452101444185
16.64,686.6572835556171,77.20427757683102,29.254832496133506,29.151272163993912
16.72,376.8418971503457,77.20075317131032,29.237343064456272,29.13369049339384
16.8,384.228982905859,77.19910996024043,29.220060810513186,29.116347913079238
16.88,388.4115197481665,77.19940000673297,29.20285515097175,29.099085592714168
16.96,387.76690799330026,77.20167017197082,29.18571863243258,29.081894291350945
17.04,712.4077487355404,77.20596199894784,29.169108788841026,29.06527309092869
17.12,700.1950283781686,77.21231160962905,29.15242123314258,29.04854485815899
17.2,399.5353407715732,77.22074961579055,29.13538504060787,29.03143176134608
17.28,382.3534316676205,77.23130104376504,29.11851609224149,29.014513795843794
17.36,412.20169166589625,77.24398527328262,29.10176776582794,28.99772548286343
17.44,391.2566734776501,77.25881599056204,29.0850480853306,28.980962753036714
17.52,687.1426366537557,77.2758011557703,29.06882102717066,28.96473408236816
17.6,683.9366125290833,77.29494298493347,29.05253889064425,28.948424799699797
17.68,389.8247241524319,77.31623794634434,29.035912154567107,28.931734720639604
17.76,382.7653721467415,77.33967677147582,29.019462478240893,28.915250120532356
17.84,392.14000494092096,77.36524448037294,29.003098897508146,28.898856982732113
17.92,389.7323762457355,77.39292042145924,28.986796474400016,28.882526027082722
18.0,698.9075663101469,77.4226783256571,28.970996251966138,28.866738667223704
18.080000000000002,687.2980942289739,77.45448637468543,28.955121982246254,28.850849243253204
18.16,369.8515277531414,77.48830728336215,28.938871998029985,28.83454556295844
18.240000000000002,380.53485047932986,77.52409839570383,28.922831746346993,28.818484374557055
18.32,393.5639879432348,77.56181179457968,28.90687403218973,28.802509922125893
18.400000000000002,387.14093744130207,77.60139442464298,28.890968602185556,28.786587749916972
18.48,372.54261221288016,77.64278822822969,28.875111525134248,28.77071462074906
18.56,702.5977138877678,77.6859302938806,28.859789013385296,28.755421176770874
18.64,705.7797606959325,77.7307530171126,28.84440290736703,28.740036004580787
18.72,376.1614256379887,77.77718427303225,28.828615967023833,28.72420833183964
18.8,386.53725105945534,77.82514760035627,28.8130411866341,28.708626474448938
18.88,385.5820871844601,77.87456239637409,28.797527589811025,28.693108197344873
18.96,373.5702970216938,77.92534412235966,28.782062188612816,28.677638587963294
19.04,705.3668104052242,77.97740451891427,28.767131097513637,28.6627482683292
19.12,708.4117678955236,78.03065183069606,28.752133877544644,28.647763397733495
19.2,395.8305124317528,78.08499103996886,28.73675812532916,28.632360391529218
19.28,395.5380205203491,78.14032410838024,28.721571052946423,28.617176697156296
19.36,371.2233063204292,78.19655022635848,28.706414985824846,28.602024258757837
19.44,375.62174960084883,78.25356606949809,28.691338021436994,28.586955587355433
19.52,707.7255290081299,78.31126606128646,28.676787738565444,28.57245711728583
19.6,707.7067892636832,78.36954264150837,28.662165237542947,28.55785742359859
19.68,390.15047686306053,78.42828653964995,28.647156891928688,28.542831840272267
19.76,423.52731490654725,78.48738705261168,28.632384888934272,28.528077874585936
19.84,390.70890510693175,78.54673232602919,28.61761680204004,28.5133238147425
19.92,396.3556564018061,78.60620963849102,28.602931173915696,28.498657568496995
20.0,875.0000000000001,78.66570568793556,28.588975519792466,28.484783178202687
20.080000000000002,886.7557050458491,78.72510687950377,28.574903051881606,28.47075078123756
20.16,855.9788696740972,78.78429961412075,28.5608388936265,28.456721013646796
20.240000000000002,894.0211303259034,78.84317057707695,28.546898902574952,28.442824499946017
20.32,863.2442949541514,78.90160702588034,28.53295884059442,28.42892217589244
20.400000000000002,875.0000000000015,78.95949707665247,28.51910548516179,28.415112235345653
20.48,886.7557050458498,79.01672998834492,28.505321820810895,28.4013740313387
20.56,855.9788696740968,79.0731964440584,28.491547726958952,28.387641855241224
20.64,894.0211303259031,79.1287888287536,28.477896624695497,28.374041752527855
20.72,863.2442949541521,79.18340150265294,28.46424424752969,28.36043456958512
20.8,875.0000000000007,79.236931069642,28.45067737750042,28.3469185037642
20.88,886.7557050458506,79.2892766399931,28.437179004135896,28.33347291349149
20.96,855.9788696740966,79.34034008674736,28.423689011832984,28.320032095546644
21.04,894.0211303259028,79.39002629510757,28.41032082664023,28.30672210079195
21.12,863.244294954151,79.43824340421203,28.39695018700509,28.29340378097821
21.2,874.9999999999998,79.48490304067857,28.383663879884242,28.280175338798202
21.28,886.7557050458495,79.52992054332924,28.37044489970313,28.26701613799686
21.36,855.9788696740964,79.57321517852735,28.35723313573546,28.253860480649557
21.44,894.0211303259033,79.6147103455838,28.344142018886227,28.2408344228915
21.52,714.310026452398,79.65433377171323,28.330838556675705,28.227571246464926
21.6,709.770868769587,79.69201769604788,28.31765587933131,28.214446075598083
21.68,381.8473075535966,79.72769904224451,28.304071329412086,28.200880164864273
21.76,392.5896922049327,79.761319579248,28.290689670549753,28.18755027273172
21.84,377.2717478546243,79.79282606980598,28.277339767324616,28.174252157758605
21.92,382.6318139326,79.82217040635932,28.264059128733717,28.161026789990963
22.0,692.7195467825635,79.84930973396509,28.25126639341046,28.14832950810204
22.080000000000002,701.2281120907949,79.87420655994174,28.238414863787337,28.135547122388598
22.16,408.1465856667351,79.89682884995942,28.22520111347354,28.122364471664476
22.240000000000002,366.3273480740826,79.91715011033298,28.21210100150798,28.109318509181193
22.32,391.8626019037452,79.93514945630963,28.19910956652515,28.09639103419759
22.400000000000002,368.87284128810353,79.95081166617886,28.18613010290113,28.083471816977386
22.48,380.2806813421057,79.96412722106814,28.17322980577121,28.070636530965686
22.56,716.3342589545105,79.97509233032373,28.160849838230657,28.058364430688123
22.64,700.964200286432,79.98370894241273,28.148365471800922,28.045956083174644
22.72,374.222552220707,79.98998474131866,28.135479591757022,28.03310591848558
22.8,377.8469629074004,79.99393312844005,28.12278326101638,28.02047724504865
22.88,391.7959774893468,79.99557319003743,28.11015968819901,28.00792555025134
22.96,377.6963336828287,79.99492965031153,28.09756340980951,27.99539933866297
23.04,703.2468788437296,79.99203281023063,28.085481482613773,27.983431122826833
23.12,700.6835775985572,79.98691847226218,28.073316195833684,27.97135033823351
23.2,378.48399652394187,79.97962785119877,28.060749365770118,27.958827081224353
23.28,406.43944089325333,79.97020747130341,28.048402972005807,27.94655873145196
23.36,391.3391902231802,79.95870905003453,28.036077407102255,27.934309409453213
23.44,364.748574133424,79.94518936864412,28.02377187805618,27.922079233048436
23.52,702.7968147215414,79.92971012997597,28.012002151434228,27.910431307968366
23.6,690.0732030284742,79.9123378038235,28.000128592793324,27.898647897126796
23.68,393.5243333479623,79.89314346023764,27.987892223720365,27.88646480895767
23.76,377.07479261567306,79.87220259120586,27.975802471314918,27.874454797164773
23.84,383.8526355853311,79.84959492115337,27.963780766946847,27.862517724905985
23.92,390.0498727898046,79.82540420674427,27.951815266355048,27.850638234177442
24.0,712.9863279125518,79.7997180264895,27.940349744359605,27.8393000608611
24.080000000000002,681.9955538941633,79.77262756069233,27.928759389983366,27.82780426261563
24.16,381.6549876415906,79.74422736228763,27.916807114005426,27.8159108888402
24.240000000000002,380.2505468883905,79.71461511915395,27.90502297038925,27.80421438784256
24.32,378.4667076742629,79.68389140849852,27.893287604862817,27.792569039328797
24.400000000000002,402.65454240281105,79.65215944393609,27.8816358090719,27.781011573210797
24.48,389.0498171096096,79.61952481590026,27.870003859863584,27.76947103179489
24.560000000000002,681.0867406849743,79.58609522604328,27.858835019149065,27.758432701291756
24.64,713.7679292058216,79.55198021629506,27.84764180949547,27.74734814533958
24.72,406.2215619701264,79.51729089326628,27.836049620426415,27.735822229198444
24.8,395.3246526055115,79.48213964869123,27.824613307060037,27.724480020851956
24.88,369.8063003404599,79.44663987661731,27.813194887189102,27.71315590616893
24.96,380.15765927133754,79.41090568805502,27.80184886717314,27.70190892428922
25.04,719.0036672377994,79.37505162380967,27.791021049107055,27.69122313328892
25.12,689.3849580157183,79.33919236622025,27.780061279903475,27.680371153620285
25.2,389.43819428146236,79.30344245053342,27.768736879015684,27.669118603348462
25.28,392.74634053429344,79.26791597664214,27.757584431678026,27.658067166392467
25.36,375.7306952842192,79.23272632191689,27.746454893818136,27.647038516941105
25.44,384.40474643938205,79.19798585585494,27.73539072432322,27.636078843977543
25.52,651.3809898989639,79.16380565726877,27.724743479101612,27.625570047681972
25.6,684.6341853799856,79.1302952347278,27.71408040113447,27.615025742037357
25.68,382.47431848606846,79.09756225095994,27.703023584675687,27.60404595273162
25.76,372.52216818035157,79.06571225190886,27.69211958024584,27.593246321107113
25.84,401.3241130393164,79.0348484011319,27.681306975194993,27.582544939309347
25.92,370.69858622039374,79.00507122020903,27.67048508172316,27.57182867284267
26.0,693.3993326995452,78.9764783358194,27.660172680168998,27.561666265268222
26.080000000000002,701.9611086592914,78.94916423412343,27.649786359584358,27.55140210333632
26.16,399.41273289066123,78.92322002307208,27.639014187021758,27.540712260660104
26.240000000000002,370.64137848820565,78.89873320324281,27.628367545714067,27.53017300121343
26.32,396.63163752154964,78.87578744778168,27.617814821133557,27.519735844273136
26.400000000000002,385.1023306101959,78.85446239200742,27.607279712462496,27.509313419274356
26.48,375.18491348952057,78.8348334332089,27.596779104046192,27.498925981637374
26.560000000000002,706.931552113949,78.81697154114188,27.586791253223748,27.489095021012158
26.64,702.9858954336021,78.80094307970369,27.576706876231356,27.479137124043618
26.72,378.9978312284121,78.78680964023636,27.566210293553034,27.46872553016593
26.8,385.6980208499003,78.77462788687951,27.55589644820764,27.458528196266734
26.88,381.14686403138245,78.76444941436343,27.545618253593855,27.44836759679272
26.96,386.13517345251256,78.7563206186017,27.535391710564024,27.43826045669868
27.04,709.9319601178157,78.75028258041048,27.52565964348357,27.428689046570067
27.12,723.7902522421803,78.74637096264794,27.515858037234565,27.419020552038912
27.2,372.6218450117316,78.7446159210339,27.50559787200851,27.408846904606847
27.28,406.3303337465627,78.74504202887503,27.495568089518947,27.39894096012051
27.36,365.47912200477504,78.74766821588555,27.485511237243774,27.38900201374792
27.44,383.48214904964425,78.75250772125844,27.475537732899564,27.379153055460495
27.52,708.8247580972686,78.75956806110517,27.46605479999671,27.369835035541264
27.6,704.2148780160255,78.76885101034688,27.45647472120713,27.36038974134861
27.68,378.7730048017941,78.78035259910223,27.44647859411435,27.350486714196524
27.76,382.9187774964273,78.79406312358155,27.436660123187526,27.340792584572057
27.84,380.0699906534117,78.80996717145933,27.426878653022353,27.33113690264501
27.92,379.10635243055793,78.8280436616615,27.417137754334092,27.321522607151397
28.0,712.7440314553154,78.84826589846658,27.407905470988307,27.312459875432033
28.080000000000002,705.3552322894757,78.87060163978448,27.398567881495428,27.30326062860001
28.16,378.0709040473935,78.8950131794401,27.388811719540648,27.293601065794682
28.240000000000002,393.99599875433256,78.92145744325427,27.379249473367974,27.284168287330928
28.32,388.07299520876614,78.94988609867922,27.369714149558988,27.27476236208804
28.400000000000002,393.1286211883897,78.98024567771138,27.36022797479274,27.26540734442331
28.48,391.2962884192362,79.01247771277183,27.35077679007382,27.25608723872237
28.560000000000002,687.565074836169,79.04651888521016,27.341780945377604,27.247260683042477
28.64,691.5972843970454,79.0823011860576,27.332709766335686,27.23833243990779
28.72,392.4729360512327,79.11975208862266,27.323254000159334,27.228980501507227
28.8,391.1037026543347,79.15879473249382,27.31395533798443,27.219813642755582
28.88,384.7909840603586,79.19934811848415,27.3046887210564,27.210680125209624
28.96,386.1732738330879,79.24132731402575,27.295465229631535,27.20159109164881
29.04,719.1649734368264,79.28464366849485,27.286746371336843,27.193049262479228
29.12,691.1264291674626,79.32920503792407,27.27789137135252,27.18433742484542
29.2,390.47097381170045,79.37491601853392,27.268661370687184,27.175214033342314
29.28,382.9780734756611,79.42167818849377,27.259579729154833,27.166266448953497
29.36,382.82318796772785,79.46939035730162,27.250540318123125,27.157363708265635
29.44,395.98776851987196,79.51794882215283,27.24155716800506,27.148519497286866
29.52,712.3812452348204,79.56724763064993,27.233049641418006,27.140190221658695
29.6,712.2026445400096,79.61717884919042,27.22445071490274,27.1317406424891
29.68,398.0547880715433,79.66763283635406,27.2154457534546,27.122844225565817
29.76,385.2100384163276,79.7184985205995,27.20658596302155,27.114120826908373
29.84,391.8195297129497,79.7696636815686,27.197779168396227,27.105454407606633
29.92,381.8973324340655,79.82101523428804,27.188992631641586,27.0968069552967
30.0,874.999999999999,79.87243951554994,27.18093776071616,27.088954900636548
30.080000000000002,886.7557050458482,79.92382257174874,27.172735770739248,27.080912032889024
30.16,855.9788696740968,79.97505044744662,27.164517540008745,27.072845952869034
30.240000000000002,894.021130325903,80.02600947393896,27.15639910256802,27.064887534124033
30.32,863.2442949541504,80.07658655709085,27.148256322918566,27.05689782508511
30.400000000000002,875.0000000000003,80.12666946371738,27.14017607974327,27.048975129003484
30.48,886.7557050458507,80.1761471057847,27.13214145834626,27.041098907776313
30.560000000000002,855.9788696740973,80.22490982171354,27.124092438494635,27.033203561169156
30.64,894.0211303259027,80.27284965407492,27.116142541209495,27.025415242587368
30.72,863.2442949541512,80.31986062297655,27.108167599514847,27.01759490588498
30.8,874.9999999999995,80.3658389944492,27.10025449454966,27.0098408554197
30.88,886.7557050458514,80.41068354315529,27.092386314528976,27.002132556165186
30.96,855.9788696740969,80.45429580875592,27.084503042125018,26.994404410991223
31.04,894.0211303259025,80.49658034528908,27.076718201252,26.98678257639494
31.12,863.24429495415,80.53744496292863,27.068907627815058,26.979128009308862
31.2,874.9999999999986,80.57680096151384,27.061158205822174,26.971539017155997
31.28,886.7557050458503,80.61456335525936,27.0534530263455,26.963995067962184
31.36,855.9788696740967,80.65065108807809,27.045732074902457,26.95643056763624
31.44,894.021130325903,80.68498723897292,27.038108878240575,26.948971675701248
31.52,704.8624952873266,80.71749921697884,27.030237298329833,26.941237340781658
31.6,698.0478541844848,80.74811894516257,27.02246444627061,26.933618458032917
31.68,385.96995964992726,80.77678303321541,27.01429033508566,26.925560634476046
31.76,390.9515702543692,80.80343293820293,27.006282158614372,26.917698622017554
31.84,376.81779316766534,80.8280151130658,26.99828721503792,26.909849410329667
31.92,405.9238727568547,80.85048114249635,26.990372046497157,26.902085321195475
32.0,684.9097392775045,80.87078786584797,26.982869317599047,26.894766667833693
32.08,681.787170808184,80.88889748676671,26.975281752578773,26.887337121400854
32.160000000000004,396.5811087350007,80.90477766926803,26.96732587249466,26.879502401937863
32.24,392.9166269396294,80.91840162001645,26.95951209818524,26.871835972752987
32.32,391.2411981705216,80.92974815659987,26.951731522787902,26.864204524338863
32.4,391.28345509264284,80.93880176162628,26.943984155485346,26.85660680592202
32.480000000000004,384.8775322715309,80.94555262250626,26.936260102957853,26.8490318981728
32.56,686.5411844277126,80.94999665682084,26.928993606223546,26.841953594438678
32.64,701.1370683729059,80.9521355232105,26.921657237094717,26.83477963597104
32.72,378.22838288487895,80.95197661775785,26.913891460264256,26.827132862414043
32.8,394.75119733417756,80.94953305587353,26.906310274821536,26.81970278484217
32.88,383.52942618497866,80.94482363973039,26.898740062204944,26.812282528376866
32.96,376.74502803207497,80.9378728113291,26.89119632742332,26.804889166905955
33.04,695.1792123752051,80.92871059131296,26.884133110834632,26.79801755227618
33.12,706.1939718141343,80.91737250368706,26.87698745026468,26.791035680292833
33.2,379.36275447196033,80.90389948663187,26.869407433300744,26.783575769853524
33.28,376.77779604433573,80.88833778963622,26.861986039743208,26.77630451823769
33.36,387.4368721149192,80.87073885721013,26.85461328304105,26.769085279925037
33.44,387.4496657110873,80.85115919947071,26.847267056646658,26.76189188802034
33.52,692.3958523694331,80.82966024992852,26.840378788434297,26.755195217107016
33.6,692.9344254157252,80.80630821083324,26.83339802163035,26.748378093110453
33.68,387.3204993735764,80.7811738864698,26.82601620846328,26.741119930660666
33.76,370.5191565850268,80.7543325048256,26.818763837475046,26.734017508358846
33.84,370.9253622562345,80.72586352807981,26.811550604036576,26.726957492322583
33.92,377.8155577874757,80.69585045239307,26.804377049062172,26.719938329271454
34.0,696.7982927243223,80.66438059750377,26.79767770928417,26.713433309720866
34.08,704.66361348397,80.63154488666198,26.7908897020828,26.706811238966964
34.160000000000004,399.7535621694956,80.59743761745744,26.783697826325707,26.699744622897324
34.24,393.5765962320203,80.56215622412014,26.77664917004214,26.692848737176384
34.32,383.4006147003658,80.52580103189416,26.769619716979953,26.685972966731622
34.4,384.80983792097317,80.48847500410525,26.762625670950822,26.679133983123844
34.480000000000004,374.97470635362197,80.45028348256106,26.755646491085514,26.672308727492677
34.56,699.7223029601141,80.41133392193989,26.749155479321118,26.666013807051677
34.64,695.670120416198,80.37173561883868,26.742556011157728,26.65958005425468
34.72,388.227185603381,80.33159943616528,26.735553075988598,26.65270288619737
34.800000000000004,376.7276905644768,80.29103752357047,26.728686188425662,26.645988866267377
34.88,390.19346514241175,80.25016303462661,26.721873023967646,26.63933295236302
34.96,400.32738913002584,80.20908984146699,26.715097164842046,26.632714637280106
35.04,698.3685977731471,80.16793224760696,26.70876314599956,26.62657501961481
35.12,706.0256758314841,80.12680469967222,26.702347002833253,26.620326731109802
35.2,391.9014399171112,80.0858214987623,26.69551272027221,26.61361852436349
35.28,380.9877952811417,80.04509651217887,26.688817215769905,26.60707681130377
35.36,387.24092481810425,80.00474288624655,26.682164411198798,26.60058121991671
35.44,385.125924007818,79.96487276095189,26.675533958424804,26.594107366282152
35.52,701.4651414782325,79.92559698712171,26.66937532218467,26.588145647273514
35.6,688.404853242168,79.88702484685457,26.663097540768305,26.582033959876455
35.68,385.2451017425895,79.84926377791228,26.65642460098647,26.57548853352322
35.76,389.97998291245455,79.81241910276731,26.64990742088432,26.569127622862514
35.84,399.51143607795046,79.77659376299047,26.643430476521818,26.562809264536995
35.92,394.59270826085213,79.7418880596504,26.636969826700447,26.556505828489616
36.0,732.2977368626733,79.7083994003799,26.631011333277065,26.55074778656604
36.08,688.4897865566793,79.67622205374866,26.624881235205898,26.544781436069357
36.160000000000004,393.72320636720684,79.64544691156259,26.618379312171346,26.538408460900946
36.24,386.8334200573836,79.61616125969029,26.612012947053792,26.53219767199643
36.32,406.8980293321768,79.58844855799563,26.605705558947353,26.5260505271695
36.4,376.91701714644853,79.56238822993227,26.599374480658692,26.519874206979082
36.480000000000004,376.6027815781923,79.53805546233176,26.593081244199542,26.513738459615517
36.56,691.0091103183397,79.51552101589091,26.587255177648203,26.508109910246915
36.64,668.141564135353,79.4948510468372,26.581295600399553,26.502315917340447
36.72,379.74244978319246,79.47610694022266,26.574964158362928,26.496114220312702
36.800000000000004,377.4086733844631,79.45934515526766,26.568771293257655,26.49007760009803
36.88,386.5039378647621,79.44461708314469,26.56261945058089,26.484084806314897
36.96,388.41755975777164,79.43196891756223,26.556492333457978,26.478116259862603
37.04,728.1425625882383,79.42144153847475,26.550866083238287,26.47269140190607
37.12,714.2563575727908,79.41307040921349,26.545107935450112,26.467101465236354
37.2,379.230963443376,79.40688548729696,26.538908008916312,26.461027031671463
37.28,376.01585328651646,79.40291114914758,26.532863475986986,26.455138623709058
37.36,389.9191917150651,79.40116612890345,26.526866683461634,26.449301649395558
37.44,371.79766792979365,79.40166347148093,26.520863975095363,26.443455292784268
37.52,727.4718814878153,79.40441050000581,26.515391956567772,26.438186279263448
37.6,717.6916018108193,79.40940879769575,26.509786878038586,26.432750145275644
37.68,380.308243478953,79.41665420423978,26.5037343528826,26.426823076768965
37.76,367.8686547090913,79.42613682668384,26.49782459874954,26.421068422097388
37.84,398.53872374165417,79.437841064795,26.49198922386215,26.4153948074106
37.92,383.85460154747386,79.45174565084027,26.48614542029267,26.40970820644772
38.0,718.5672446796019,79.46782370367953,26.480800803158075,26.40456437714697
38.08,676.0835851180844,79.48604279703605,26.475285124908236,26.39921319234825
38.160000000000004,379.0062497704623,79.50636504177191,26.46939130824076,26.393448592669415
38.24,385.05243699718187,79.52874718196085,26.463649561804523,26.387864459413635
38.32,385.4698059376475,79.55314070451557,26.45793149004179,26.38230491916659
38.4,380.4993452852076,79.57949196209263,26.452230114508414,26.376761435306783
38.480000000000004,391.22849932347503,79.60774230896483,26.446569532142362,26.371260573423953
38.56,683.9856935592611,79.63782824951716,26.44133859252505,26.36622542713955
38.64,697.8643077246805,79.66968159899211,26.43603176093849,26.361088974575
38.72,386.20295631711906,79.70322965607753,26.430303156188845,26.3554885884554
38.800000000000004,390.14438834058757,79.73839538690139,26.42472852199857,26.350071368918393
38.88,392.116148780889,79.77509761996893,26.41917995902401,26.344681570612277
38.96,373.75357908162135,79.81325125154925,26.413628006504055,26.339285895985267
39.04,676.9882874389657,79.85276746099288,26.408531527816958,26.334385737667482
39.12,719.1651523284777,79.89355393543649,26.403394219570217,26.32942206874601
39.2,388.323140119796,79.93551510332685,26.39779617732937,26.32395039745126
39.28,377.5151346344345,79.97855237617435,26.39233841136996,26.31864795414843
39.36,400.51151975522527,80.02256439792542,26.38694169453931,26.31341200655188
39.44,386.15674634292867,80.06744730132382,26.381538241925,26.30816545493525
39.52,717.6894577609573,80.11309497061322,26.37662759167746,26.30345484185556
39.6,701.0127772211516,80.1593993099176,26.371581510969637,26.298576010645824
39.68,405.6074792488199,80.20625051662155,26.366147371982294,26.29327162937439
39.76,402.5534084244321,80.25353735905952,26.360849827803158,26.288130755266188
39.84,382.5103585152093,80.30114745781319,26.355549059655623,26.282985762759377
39.92,394.7157095095436,80.3489675699058,26.35029555184637,26.277891448022174
40.0,875.0000000000001,80.39688387517604,26.34573230395057,26.273547076526086
40.08,886.755705045851,80.44478226410773,26.34101239196014,26.26900293125351
40.160000000000004,855.9788696740972,80.49254862638834,26.336261787743762,26.26442068429194
40.24,894.0211303259027,80.54006913946768,26.331596520465677,26.259931152313413
40.32,863.2442949541495,80.58723055638742,26.326892514008062,26.255395445383986
40.4,874.9999999999993,80.63392049215473,26.322236707065414,26.250911930571874
40.480000000000004,886.755705045848,80.68002770793647,26.3176122447155,26.24646013336826
40.56,855.9788696740969,80.7254423923561,26.312959166249946,26.241974516860736
40.64,894.0211303259024,80.77005643918268,26.308391051966282,26.23758129750513
40.72,863.2442949541502,80.81376372071071,26.303783793917734,26.23314149193536
40.800000000000004,875.000000000003,80.85646035613986,26.299224332026384,26.228753467019626
40.88,886.7557050458487,80.89804497427703,26.2946958130453,26.224396749973874
40.96,855.9788696740966,80.93841896989704,26.290138277940823,26.220005805643066
41.04,894.0211303259022,80.97748675311422,26.28566530867805,26.215706852233577
41.12,863.2442949541509,81.01515599113506,26.281152798971082,26.21136090812244
41.2,875.0000000000022,81.05133784178145,26.27668769039581,26.20706634191347
41.28,886.7557050458494,81.08594717819427,26.272253131352283,26.20280268255081
41.36,855.9788696740964,81.11890280415004,26.26778916444682,26.198504396600164
41.44,894.0211303259018,81.15012765944637,26.26340937327786,26.194297703981338
41.52,709.6806392437773,81.17954901483792,26.25877442919983,26.189808975699695
41.6,720.5294733629852,81.2070986560299,26.25424754750459,26.18544639305106
41.68,375.350765394199,81.23271305626481,26.249252391414444,26.180571581200205
41.76,391.86051459998447,81.25633353706606,26.24443921937193,26.175912643530065
41.84,395.58424486849594,81.27790641673268,26.239646549723336,26.171274704576682
41.92,367.4126051357689,81.2973831462101,26.234832826749226,26.166611694500308
42.0,682.2511223100133,81.31472043199344,26.23049167613645,26.16246359318847
42.08,669.4115173335985,81.32988034575322,26.22602484998923,26.158159076959112
42.160000000000004,382.3059316555545,81.34283042040637,26.221177737143176,26.153437510295575
42.24,392.1754225579597,81.3535437323899,26.21647954571851,26.148892579985585
42.32,400.02357052096033,81.36199896992947,26.211809508685164,26.144377151791105
42.4,385.7409478041978,81.36818048713046,26.207135754090185,26.139855374943213
42.480000000000004,401.28615545571296,81.3720783437546,26.202508943305354,26.135383700984114
42.56,679.2984781267767,81.3736883305823,26.198284922154677,26.131348518095912
42.64,674.4492634096727,81.37301198029584,26.19396043624081,26.127186328736126
42.72,384.4445230110339,81.37005656385669,26.18924800205027,26.1225984757533
42.800000000000004,388.8406544893931,81.36483507238562,26.18467737676906,26.118179675853536
42.88,384.6730525190591,81.3573661845915,26.180119737564898,26.113774196338476
42.96,364.3255789996013,81.34767421983133,26.175554247204037,26.10935859503647
43.04,698.6631994073082,81.33578907691972,26.17148453579683,26.10548286807032
43.12,680.4329574924272,81.3217461588425,26.167272622171776,26.10143165214474
43.2,391.69672548830044,81.30558628356502,26.16267912639746,26.096962263044283
43.28,388.66598246096856,81.2873555811597,26.158216093839783,26.09264956816805
43.36,375.6012021367265,81.2671053775137,26.153756093918105,26.088339786573027
43.44,379.8613308266331,81.24489206490942,26.14932592179005,26.08406152408875
43.52,684.1117971716657,81.22077695980562,26.145339001417298,26.080264557991136
43.6,699.0598135409024,81.19482614817801,26.14126793897353,26.076357019194383
43.68,394.55142320501244,81.16711031881009,26.136779488398307,26.071990564328626
43.76,375.1427395366446,81.13770458495524,26.13240424457068,26.06776277011712
43.84,390.0404651551785,81.10668829482103,26.128077489248913,26.063588459389386
43.92,379.69742381627566,81.07414483135376,26.123748442570125,26.059409183561893
44.0,688.1069075160649,81.04016140182968,26.11987374966191,26.055724042753997
44.08,698.3945446006817,81.00482881778409,26.115906326632246,26.051918822202424
44.160000000000004,374.64757677580633,80.96824126583411,26.111495963076173,26.047627103483485
44.24,379.46350694652824,80.93049606997455,26.107240151481776,26.043520250006516
44.32,373.02122107411157,80.89169344594679,26.102992834329054,26.039422029171444
44.4,404.64725132916396,80.85193624830137,26.098810124643386,26.035392906596982
44.480000000000004,385.35263551971735,80.81132971079359,26.094605195862137,26.031336097184877
44.56,689.5041173801112,80.76998118076726,26.09085162661681,26.027770623706147
44.64,703.2096986610134,80.72799984819812,26.087011361695506,26.02409195998588
44.72,383.87671950309175,80.6854964700812,26.082732468423846,26.019931362602247
44.800000000000004,382.7903040046678,80.64258309085817,26.07859752347507,26.015943844423784
44.88,391.1416670004343,80.59937275959139,26.074493640060414,26.011989910681848
44.96,392.5750771004731,80.55597924459856,26.07040556396147,26.00805110164303
45.04,692.0424827858421,80.51251674626924,26.066753627309218,26.004586000566285
45.12,691.3627263903298,80.46909960878853,26.06299617565709,26.000987399788066
45.2,382.2494830284836,80.42584203149605,26.058819850673103,25.99692925673726
45.28,361.9807883526442,80.38285778060971,26.054756150389398,25.993009559258656
45.36,369.84808937801455,80.34025990204199,26.050730155777035,25.989131752779866
45.44,398.6687426744453,80.29816043603456,26.046758321831057,25.985311020007014
45.52,724.6745157025192,80.25667013433201,26.043248386679945,25.98199057627609
45.6,696.2644594066543,80.21589818060912,26.03958272056244,25.978480312035472
45.68,390.7655696305577,80.17595191485782,26.03551381358375,25.974529020178657
45.76,388.1125015454354,80.13693656243035,26.031580470928876,25.970741125362032
45.84,415.78880808455244,80.09895496842266,26.02770499044315,25.96701612877038
45.92,396.1957491143458,80.06210733806947,26.023807173587127,25.963263652211197
46.0,698.0812361277885,80.0264909838065,26.020356400226607,25.959997929918078
46.08,685.6668933909937,79.99220007963885,26.016781969131824,25.956578937767727
46.160000000000004,368.93553679742433,79.9593254234362,26.012781906944415,25.952693744602545
46.24,387.0346363586723,79.92795420775508,26.008950616972683,25.949008745880338
46.32,377.436492547157,79.89816979976727,26.00511628018916,25.945319147974768
46.4,370.7774629040233,79.87005153085028,26.001292363161873,25.94163981311655
46.480000000000004,378.5342711575748,79.84367449637126,25.997497973316037,25.937991487568706
46.56,683.776779945784,79.81910936617041,25.99414414269482,25.93482148740533
46.64,725.3071245260885,79.79642220622222,25.99074037074128,25.931578318564153
46.72,393.81639756949454,79.77567431192548,25.98686797425574,25.92781906624556
46.800000000000004,384.9202735868339,79.75692205344299,25.98313160174399,25.924224940505244
46.88,399.79944138890033,79.74021673348146,25.979436963753823,25.920676643009337
46.96,385.77368307647623,79.72560445787131,25.97573219144196,25.917114976755606
47.04,687.080736980076,79.71312601927298,25.972470688271503,25.914035752446107
47.12,722.8468611590448,79.70281679430353,25.969152467530865,25.91087631069928
47.2,390.38910043684666,79.69470665434365,25.965366238107972,25.907201827710033
47.28,374.62753845673546,79.68881989025016,25.96170646879312,25.903682151059996
47.36,383.096613219164,79.68517515116413,25.95808188222293,25.900201576499214
47.44,376.2438174661525,79.6837853975697,25.95445952255868,25.89672152494933
47.52,679.258004035535,79.68465786872135,25.95127964632618,25.893722710483658
47.6,713.8926632129746,79.68779406452282,25.948040406249174,25.890640694727498
47.68,404.09416640470135,79.69318974190273,25.944365028873342,25.88707846753944
47.76,371.01432426180867,79.70083492569653,25.94078232003219,25.88363296663652
47.84,390.6296923669058,79.71071393400705,25.937256901987393,25.88025157490401
47.92,378.4935743087818,79.72280541797966,25.933721524113448,25.87685689243372
48.0,692.6931192435295,79.73708241589166,25.930645999280003,25.87396266357911
48.08,691.114091136417,79.7535124214191,25.927455474190143,25.870923997404294
48.160000000000004,376.3600923032019,79.77205746590879,25.923836089407413,25.86741506538866
48.24,385.4852162794483,79.79267421444747,25.920370463489004,25.864089917583296
48.32,376.6904988358897,79.8153140754857,25.916904970408883,25.860764246625212
48.4,387.7045682577984,79.83992332373926,25.913472854491488,25.857473975839778
48.480000000000004,384.49761890550866,79.86644323605799,25.910046193815827,25.85418759214061
48.56,696.4157792970038,79.89481023991843,25.907072207332835,25.851393398314773
48.64,686.386545069376,79.9249560741656,25.90397182004558,25.848442460698386
48.72,379.2322866943167,79.95680796159746,25.900456239799286,25.845036671140537
48.800000000000004,392.55391225825764,79.99028879295645,25.897096872162283,25.84181698178394
48.88,390.00917187624384,80.02531732186307,25.8937442359079,25.838603728546797
48.96,375.22444755201457,80.06180837019927,25.890385826009357,25.835382854072275
49.04,701.4899845814384,80.09967304342278,25.887504615079816,25.83268163875351
49.120000000000005,711.2708068505768,80.13881895526833,25.88451870433601,25.829846611331238
49.2,368.3059471887863,80.17915046126856,25.88105893537447,25.8264916296266
49.28,390.4336019237994,80.22056890050415,25.877781706128186,25.823353401469653
49.36,378.3737624105416,80.26297284497315,25.87449419534031,25.820202741528007
49.44,390.70598668593163,80.3062583559489,25.871242406522835,25.817090227314175
49.52,688.5511126518622,80.3503192466796,25.868416743555024,25.814440234049805
49.6,672.9267684900323,80.39504735076552,25.865461768243932,25.811631101330008
49.68,368.7245756211684,80.44033279553604,25.86209744216083,25.808373908525933
49.76,385.4808494666139,80.48606427973596,25.858892361590815,25.80530603296596
49.84,387.5972250172149,80.53212935481965,25.85569851291068,25.80224934662742
49.92,375.95683374895594,80.57841470914241,25.852500752786526,25.79918684414801
50.0,874.9999999999968,80.62480645433119,25.850020392293207,25.79690573583437
50.08,886.75570504585,80.67119041311135,25.84736730475572,25.794407005642483
50.160000000000004,855.9788696740975,80.7174524078621,25.84467481073628,25.791861214895928
50.24,894.0211303259031,80.7634785491722,25.84205907163627,25.78939939709641
50.32,863.2442949541522,80.8091555236666,25.839396048429943,25.786882703511896
50.4,874.9999999999959,80.85437088037696,25.836772715455478,25.784409538621674
50.480000000000004,886.755705045847,80.8990133149331,25.83417225326784,25.781959465092523
50.56,855.9788696740973,80.9429729508568,25.831534736487708,25.77946698302662
50.64,894.0211303259027,80.9861416172481,25.828973780594378,25.77705834573547
50.72,863.2442949541529,81.02841312216208,25.82636531267615,25.774594606550586
50.800000000000004,874.9999999999997,81.06968352098592,25.823796307544114,25.772174168880188
50.88,886.7557050458477,81.109851379138,25.82124994669492,25.769776596323574
50.96,855.978869674097,81.14881802842577,25.81866630569356,25.767336389952863
51.04,894.0211303259025,81.1864878164146,25.81615900095964,25.764979804046185
51.120000000000005,863.24429495415,81.22276834817764,25.813603960518005,25.76256789289751
51.2,874.9999999999987,81.25757071981629,25.811088160112327,25.760199060873425
51.28,886.7557050458485,81.290809743161,25.80859478216798,25.757852872527522
51.36,855.9788696740967,81.32240416108526,25.80606390317468,25.755463829882082
51.44,894.0211303259023,81.35227685288835,25.803609140473096,25.753158188161212
51.52,709.5788868816607,81.38035502922851,25.80089105641025,25.750562198043315
51.6,675.0771990659656,81.40657041611394,25.798209523549215,25.748014985304135
51.68,384.3392020135269,81.43085942748668,25.79514646257536,25.745053250283416
51.76,372.8898380023755,81.45316332596374,25.792196609021367,25.74223013003354
51.84,378.48163892197846,81.47342837132922,25.789273006587347,25.73943620593538
51.92,385.4739867131642,81.49160595640231,25.786369238051932,25.73666237835178
52.0,687.0937995207407,81.5076527299382,25.78389747983248,25.734357843803895
52.08,694.2316668365527,81.5215307062511,25.78132535281381,25.731925661575552
52.160000000000004,395.0629280921445,81.53320736128269,25.77834020950169,25.729040259297644
52.24,379.23108130476857,81.54265571487338,25.77546492402342,25.726290079797625
52.32,393.35692112065146,81.54985439902825,25.77262933334795,25.72358405288406
52.4,373.7029314534239,81.55478771200562,25.769772474266365,25.720852876209925
52.480000000000004,390.29804177915287,81.55744565809132,25.766958572626404,25.718168308434404
52.56,721.6235293098686,81.55782397295839,25.76461423016183,25.715993563130855
52.64,662.9253324980907,81.55592413454794,25.762064786078078,25.713575310684078
52.72,377.0310474452953,81.55175335944398,25.759147011190027,25.71075615011317
52.800000000000004,390.7707212718055,81.54532458475114,25.756375294220927,25.708111234204136
52.88,382.9695461395701,81.53665643552108,25.753600215706626,25.70546184854525
52.96,388.71145873371313,81.5257731778101,25.750847823034107,25.702836364741533
53.04,690.9402221992627,81.5127046574862,25.748528231979094,25.700681211325595
53.120000000000005,701.2988468120935,81.49748622494052,25.74611191566485,25.698402406207574
53.2,383.44322764607927,81.4801586458931,25.7432544519022,25.695639578787894
53.28,396.6778206165981,81.46076799851825,25.740554508400276,25.693065022626058
53.36,387.5442084330122,81.43936555714981,25.737849402295236,25.690484211724286
53.44,388.3760266207521,81.41600766285943,25.735160346505452,25.68792017246617
53.52,693.8218455081629,81.3907555812354,25.73291030808168,25.685833544563945
53.6,692.6859066389126,81.36367534772091,25.730545883697474,25.683603873636088
53.68,380.67441812180385,81.33483760090279,25.72775286717821,25.68090452289157
53.76,388.94452142378304,81.30431740417121,25.725107867229287,25.67838282426212
53.84,380.79015519179745,81.2721940562019,25.722460803730126,25.6758585266272
53.92,387.8977485689642,81.23855089073837,25.719837978335633,25.673359914300185
54.0,731.1310119796816,81.20347506618108,25.71770433942278,25.671393076811082
54.08,713.0668705514754,81.16705734551424,25.715416956639725,25.669238164500612
54.160000000000004,381.73976467832165,81.1293918671265,25.712680160245846,25.666591686199062
54.24,397.01213922163953,81.09057590710466,25.710108772251402,25.664142995402663
54.32,380.91924626978454,81.05070963360038,25.707521190036815,25.661676013374727
54.4,364.6187546482215,81.00989585389075,25.70492793051815,25.659202541947746
54.480000000000004,374.919136890826,80.96823975477167,25.70236652303495,25.656763600407434
54.56,671.9381211846122,80.92584863693962,25.700228042656878,25.654784075356726
54.64,694.7272977393803,80.8828316440329,25.698011564101268,25.652701658392676
54.72,385.1841837918956,80.83929948701703,25.69535981038458,25.650141014365833
54.800000000000004,401.7643731227529,80.79536416461,25.692866018241478,25.647768674280098
54.88,388.2692737376417,80.75113868045433,25.69035870836398,25.64538081614489
54.96,382.8089947119114,80.70673675774964,25.687859531822866,25.64300139760962
55.04,712.4410837177523,80.66227255206718,25.685835018213265,25.641138693403086
55.120000000000005,666.8329703648817,80.61786036307156,25.683623208885177,25.639052196676992
55.2,387.35614558108574,80.57361434587776,25.681045430137726,25.63656675647792
55.28,392.7086519388697,80.52964822277283,25.678597901208388,25.634238026275913
55.36,370.2141375422016,80.48607499603034,25.676128385857872,25.631885076955353
55.44,396.43754043206934,80.44300666254298,25.673714908548117,25.62959336387355
55.52,705.0774461124162,80.40055393099442,25.67173369123508,25.6277704183165
55.6,693.770681291488,80.35882594228458,25.669621301976235,25.62578593548701
55.68,391.3278186610629,80.31792999391486,25.66709672993021,25.623350308056736
55.76,407.706928578044,80.27797126902917,25.66472664642836,25.621098985518252
55.84,386.81866255058503,80.23905257079566,25.662332213113086,25.618820363835603
55.92,387.4822058630034,80.20127406279983,25.659956982918082,25.61656270789956
56.0,693.1095865068963,80.16473301610488,25.658019845207214,25.614781625313178
56.08,687.2523344580281,80.12952356361832,25.655960329040372,25.6128488891205
56.160000000000004,393.3033581654425,80.09573646238533,25.653498152134564,25.610475119730904
56.24,376.4391617409114,80.06345886440917,25.651140186311697,25.60823036132235
56.32,385.715662372194,80.03277409657782,25.648813348306945,25.606020635336524
56.4,380.22342553234887,80.00376145025263,25.646484913615197,25.60380766426066
56.480000000000004,389.789798257464,79.9764959810505,25.64418174355252,25.60162142052133
56.56,705.0049315793042,79.9510483193255,25.642326161172836,25.59992156137775
56.64,715.5630991638685,79.92748449182834,25.64036698407634,25.598089974974275
56.72,379.8998360114526,79.90586575499471,25.637939647104936,25.595745008369896
56.800000000000004,382.30125064706635,79.88624844028308,25.635659974727943,25.59357872187415
56.88,375.21236284217696,79.86868381195313,25.6333806801949,25.591413059614677
56.96,380.5570673992389,79.85321793764366,25.631121226200992,25.589268389244303
57.04,705.6595073956728,79.83989157207719,25.629324732775913,25.587627128515134
57.120000000000005,711.3548292496803,79.82874005418506,25.62741365056274,25.585841637254205
57.2,375.7783467582238,79.81979321791256,25.625036222765914,25.58354499505545
57.28,393.69605920105664,79.81307531692985,25.62282798825735,25.58145053865771
57.36,398.55637858804954,79.80860496343848,25.620630374653267,25.579367024309004
57.44,389.1343490322371,79.80639508122844,25.618426703798303,25.577275552733578
57.52,728.151937188371,79.80645287310395,25.61671110563282,25.575715666943903
57.6,688.3931620134464,79.80877980276063,25.61481138742878,25.573935046000138
57.68,372.5534529668859,79.81337159115958,25.612491046152222,25.57169563549814
57.76,367.2127975109573,79.82021822740775,25.61029940736662,25.569613367229397
57.84,399.96044311489186,79.82930399411678,25.608166607171,25.567595855046395
57.92,391.54365656354065,79.8406075071768,25.606017855400907,25.565558148125017
58.0,699.1662299363431,79.85410176984398,25.604312398821857,25.564003056181562
58.08,704.1995293947973,79.86975424100605,25.602498107300413,25.562311080025975
58.160000000000004,373.74510952701627,79.88752691745258,25.600224603311847,25.560115880864366
58.24,409.4575197961683,79.90737642994274,25.598142755187546,25.55814711358224
58.32,386.2922118197523,79.92925415282758,25.596024577891004,25.55613712079376
58.4,386.093947946049,79.95310632694994,25.593924054901787,25.554146557346925
58.480000000000004,392.257666238987,79.9788741955118,25.5918411272872,25.5521742760346
58.56,707.2151384760507,80.00649415256541,25.590205843348993,25.550688695039874
58.64,703.358260364187,80.0358979037536,25.588445963766333,25.549048600493794
58.72,377.0952554455469,80.06701263889269,25.586236035409197,25.546915762174105
58.800000000000004,389.71468357136,80.09976121596273,25.584183502239092,25.544971826705055
58.88,403.8202449647504,80.13406235603944,25.582155969068765,25.54305482987624
58.96,398.4542004615498,80.16983084867626,25.58012368353366,25.54113086198075
59.04,723.897799399591,80.20697776721721,25.578558061117885,25.53971493342297
59.120000000000005,692.3317648535323,80.24541069349671,25.576824582969852,25.538096805694973
59.2,375.10395179741425,80.285033951359,25.574664637577612,25.536013174369234
59.28,383.7421307990036,80.325748848407,25.572652830676173,25.534107980801473
59.36,385.557249122887,80.36745392537006,25.570650175302724,25.53221265359591
59.44,395.94191518470956,80.41004521246064,25.56866967518535,25.53034041364902
59.52,674.6130305542777,80.45341649207245,25.567083834459396,25.528896896789345
59.6,722.9432547919092,80.49745956715624,25.56546082495565,25.527396236403913
59.68,383.41992101421016,80.54206453459553,25.563347928765815,25.525356660840863
59.76,380.73118930052584,80.58712006289161,25.56137559957418,25.523488206989914
59.84,374.8789562473984,80.63251367345623,25.559406153663065,25.52162352381655
59.92,368.45143328134236,80.6781320248017,25.557438289798764,25.5197599958401
60.0,874.999999999998,80.72386119891033,25.556191175352765,25.518681705042447
