Time_s,Power_W,Python_Baseline_degC,Python_HydraCore_degC,Elmer_FEM_Steady_degC
0.0,875.0,34.97934441309676,34.978932309572805,53.52
0.05,895.0,34.95405973925702,34.95293794791786,53.52
0.1,875.0,34.92863437150471,34.9267736816776,53.52
0.15000000000000002,855.0,34.9032567620882,34.90065874189573,53.52
0.2,875.0,34.877973575011026,34.87464367494732,53.52
0.25,895.0,34.852769265086316,34.848711858819236,53.52
0.30000000000000004,875.0,34.82760231707846,34.822819655616186,53.52
0.35000000000000003,855.0,34.80248810163933,34.796983568570425,53.52
0.4,875.0,34.777467795869256,34.77124687034731,53.52
0.45,895.0,34.75252568681343,34.7455926847963,53.52
0.5,875.0,34.72762025580601,34.71997736703064,53.52
0.55,855.0,34.70276687512268,34.6944174219683,53.52
0.6000000000000001,875.0,34.67800672363892,34.66895612425971,53.52
0.65,895.0,34.65332409017482,34.64357659974489,53.52
0.7000000000000001,875.0,34.628677457835096,34.61823520552273,53.52
0.75,855.0,34.604082200661594,34.592948448491306,53.52
0.8,875.0,34.57957949929091,34.56775960527609,53.52
0.8500000000000001,895.0,34.55515364430006,34.54265180368666,53.52
0.9,875.0,34.53076312054603,34.51758140278623,53.52
0.9500000000000001,855.0,34.506423303818,34.49256491143196,53.52
1.0,875.0,34.48217537649594,34.467645608203114,53.52
1.05,895.0,34.458003630895156,34.44280662285786,53.52
1.1,875.0,34.43386655360657,34.41800431640268,53.52
1.1500000000000001,855.0,34.40977952214904,34.39325519963289,53.52
1.2000000000000002,875.0000000000001,34.38578372062725,34.36860255306056,53.52
1.25,895.0,34.36186344307709,34.34402950837167,53.52
1.3,875.0,34.33797717780529,34.31949242849523,53.52
1.35,855.0,34.31414030404227,34.295007826143845,53.52
1.4000000000000001,875.0000000000001,34.29039400759967,34.27061898374195,53.52
1.4500000000000002,895.0,34.26672258421599,34.24630903488243,53.52
1.5,707.4507122951685,34.24291337550307,34.22185482693339,53.52
1.55,697.9260354824322,34.21922890703927,34.197533752363356,53.52
1.6,709.7153280715104,34.19562408624262,34.17329722073026,53.52
1.6500000000000001,400.23029856408033,34.17176032364067,34.14878950130799,53.52
1.7000000000000002,382.6584662527667,34.148060524069294,34.12445726285062,53.52
1.75,382.65863043050825,34.12443287728044,34.100202043995864,53.52
1.8,400.79212815507395,34.100885701497866,34.07603178380068,53.52
1.85,392.67434729152916,34.07738465470557,34.05191020106713,53.52
1.9000000000000001,380.30525614065056,34.0539352186133,34.02784325293345,53.52
1.9500000000000002,390.4256004358597,34.03056216914043,34.00385701847022,53.52
2.0,693.0487346078131,34.00755544593492,33.98025540089611,53.52
2.0500000000000003,693.0140536964461,33.98449146732023,33.95659117310369,53.52
2.1,703.6294340734905,33.96149506298794,33.932997581290174,53.52
2.15,671.300796330133,33.93852141523687,33.90942813997106,53.52
2.2,367.7508216748697,33.91531001949228,33.88561003642885,53.52
2.25,379.3771247075903,33.89228890674286,33.861994990307316,53.52
2.3000000000000003,374.8716887966558,33.86932222021676,33.83843800945777,53.52
2.35,388.1424733259528,33.846430722725785,33.814960359541885,53.52
2.4000000000000004,375.91975924478794,33.82358137380217,33.79152720006175,53.52
2.45,370.87696298664713,33.80079106456293,33.768156453472066,53.52
2.5,721.9847315338233,33.778420947428955,33.7452269104986,53.52
2.5500000000000003,696.613355492702,33.755947439856776,33.72218586425325,53.52
2.6,701.0129230703188,33.73354287600927,33.69921697449942,53.52
2.6500000000000004,370.7525181378655,33.71085787097983,33.675954263916665,53.52
2.7,379.5561727547482,33.688368820897544,33.652900690929286,53.52
2.75,386.1092258970987,33.665945489407775,33.62991705815401,53.52
2.8000000000000003,373.490064225777,33.64356524428406,33.60697893282859,53.52
2.85,388.7569801834568,33.621263789947264,33.58412391079438,53.52
2.9000000000000004,378.993613100812,33.59900477543343,33.56131362478297,53.52
2.95,382.08306250206726,33.57681059561168,33.53857174554546,53.52
3.0,690.9744008165591,33.55498875323001,33.51622073287314,53.52
3.0500000000000003,727.7841727676341,33.53314185309874,33.49384072034636,53.52
3.1,699.797541628931,33.511305591347785,33.47147113353393,53.52
3.1500000000000004,374.42289071044104,33.48920423746537,33.44882395495684,53.52
3.2,393.22544912103194,33.467305986454456,33.42639337201595,53.52
3.25,372.79156350028984,33.445440431007086,33.40399793081061,53.52
3.3000000000000003,387.0886359500476,33.42365433109269,33.38168633220703,53.52
3.35,365.4032987612023,33.40189761211826,33.3594057503951,53.52
3.4000000000000004,371.71813951101575,33.38021234022526,33.33720058271899,53.52
3.45,386.9686123586913,33.358597017508046,33.31506905328997,53.52
3.5,711.0769986999312,33.337363188487714,33.293337789960084,53.52
3.5500000000000003,702.5705242178495,33.31605044450697,33.27152080366097,53.52
3.6,698.2652757641764,33.294788497167744,33.24975672153988,53.52
3.6500000000000004,381.98896304410715,33.27326059840195,33.227713959420804,53.52
3.7,370.2147800963258,33.25189929715481,33.20584931335935,53.52
3.75,377.80155791605296,33.230609636418464,33.1840608833355,53.52
3.8000000000000003,380.3936122904022,33.209375472110295,33.16233090433372,53.52
3.85,395.5712222621892,33.18821112523414,33.14067436054168,53.52
3.9000000000000004,388.4361828956847,33.16708879753141,33.11906197223062,53.52
3.95,367.3695984463727,33.14600264261984,33.09748779375045,53.52
4.0,704.8612595409219,33.12532446862996,33.076341994562,53.52
4.05,694.2237657937552,33.10455899150496,33.05510157398492,53.52
4.1000000000000005,689.8461699954106,33.083843494459366,33.03391314643117,53.52
4.15,391.11676288840874,33.06287859224897,33.01246334776121,53.52
4.2,395.30999522495955,33.04208833917315,32.99119988810785,53.52
4.25,394.31280119116207,33.021353088419474,32.969994946453255,53.52
4.3,376.60782476777365,33.00065428903222,32.94882847586924,53.52
4.3500000000000005,381.9078762414879,32.9800217686536,32.92773189573774,53.52
4.4,388.3126343140357,32.959447767858926,32.90669687242669,53.52
4.45,394.75545127122365,32.9389314888846,32.88572250438566,53.52
4.5,692.8123864323206,32.91877062423807,32.86512103049716,53.52
4.55,697.2151153500428,32.89855141516776,32.844455585962386,53.52
4.6000000000000005,683.4049753899096,32.87836574432714,32.82382477655463,53.52
4.65,373.0379337591933,32.85792089134307,32.80292235715797,53.52
4.7,393.125258223942,32.837670173276216,32.78222680138073,53.52
4.75,398.5624002857083,32.81747360654027,32.761588694404544,53.52
4.800000000000001,384.27989878419675,32.79731291445836,32.74098830921399,53.52
4.8500000000000005,395.0353289789203,32.777221266735026,32.72046061787916,53.52
4.9,388.6163602504764,32.75717147546969,32.69997689620078,53.52
4.95,378.54880245394884,32.737166073372315,32.67953991181934,53.52
5.0,705.4209340826262,32.71755072148677,32.65951229490299,53.52
5.050000000000001,723.0705484969895,32.69787817320853,32.6394216205473,53.52
5.1000000000000005,699.4626094133507,32.67822227908562,32.61934763334468,53.52
5.15,400.6464365581401,32.658321251110365,32.59901678850001,53.52
5.2,358.80254895910264,32.63854531378269,32.57882024729865,53.52
5.25,393.2190250437523,32.618875732907895,32.55873645176537,53.52
5.300000000000001,385.8704706823818,32.59923722028684,32.53868514337841,53.52
5.3500000000000005,382.0099264953414,32.57964846723217,32.518686131756425,53.52
5.4,385.91760776535506,32.560116375766405,32.49874669923209,53.52
5.45,365.1243108539911,32.54061253371698,32.47883696078011,53.52
5.5,696.7049216824373,32.521506281704795,32.45934453865588,53.52
5.550000000000001,705.3566885726761,32.50233061041518,32.43977617113949,53.52
5.6000000000000005,722.1684106711227,32.48321501748812,32.420270074275216,53.52
5.65,379.8172978172636,32.46379286776714,32.40044227204532,53.52
5.7,376.9150639710682,32.44455073004996,32.3808066763237,53.52
5.75,379.9824295641547,32.42536694360648,32.36123313957245,53.52
5.800000000000001,394.1540211770208,32.406246644990844,32.34172627897817,53.52
5.8500000000000005,388.2875110965969,32.38716471982033,32.32225958313116,53.52
5.9,379.70239796232966,32.36812591452827,32.30283819578025,53.52
5.95,390.1326743311336,32.349150817031706,32.283483777267975,53.52
6.0,701.4561632402206,32.33053929577839,32.26451067706162,53.52
6.050000000000001,714.5296748579933,32.311869070295494,32.2454729598407,53.52
6.1000000000000005,689.4692035918397,32.2932133416165,32.22644965880733,53.52
6.15,381.7233785340224,32.27430136791294,32.20715778748153,53.52
6.2,381.07891846867847,32.25555746352434,32.188045307792024,53.52
6.25,370.36485051867885,32.23685527943435,32.16897730832169,53.52
6.300000000000001,387.9612027706458,32.21822412181757,32.149983977878826,53.52
6.3500000000000005,387.61055272179897,32.19963452628667,32.13103411298436,53.52
6.4,385.05113456642465,32.18109075220548,32.11213229010844,53.52
6.45,382.6541286662486,32.1625938955178,32.09327971277855,53.52
6.5,678.7694388692438,32.14444872670298,32.07479605622991,53.52
6.550000000000001,693.6903201585196,32.12625155438922,32.056254948918955,53.52
6.6000000000000005,694.8592822520984,32.1080939003352,32.03775448111675,53.52
6.65,376.9772273077839,32.08965818026334,32.01896225618679,53.52
6.7,383.38714288333995,32.07140011675579,32.000359481161155,53.52
6.75,389.04050856814547,32.053196601095294,31.981814552226634,53.52
6.800000000000001,403.86185901210536,32.03505356425188,31.963333014820755,53.52
6.8500000000000005,386.7457781283184,32.01693457567961,31.944876524130475,53.52
6.9,387.5755039072277,31.998870157637967,31.926477382867624,53.52
6.95,384.2555408423384,31.980849343752666,31.908123978206913,53.52
7.0,671.2184317705144,31.963169951275447,31.890128691838278,53.52
7.050000000000001,699.6022918682618,31.945454644283842,31.872092884634135,53.52
7.1000000000000005,700.9034531491154,31.927772627285204,31.854091034970722,53.52
7.15,409.6324211248529,31.90983828466824,31.83582436003166,53.52
7.2,383.0763903521888,31.89203631072257,31.817699331799986,53.52
7.25,388.0154734233362,31.874299421052164,31.79964342902587,53.52
7.300000000000001,384.6528823029476,31.856603861194607,31.781630872729824,53.52
7.3500000000000005,373.31321962380474,31.83894414009313,31.76365587847804,53.52
7.4,396.4282281451503,31.82135852744864,31.745758675086886,53.52
7.45,392.5193303268678,31.803805983329443,31.727895892138566,53.52
7.5,711.8654792056457,31.786626690024125,31.71042453304224,53.52
7.550000000000001,686.359188178079,31.76934259483892,31.692840041354657,53.52
7.6000000000000005,721.0419146640415,31.75214525224943,31.67534600604901,53.52
7.65,370.98148937207725,31.73462195002603,31.657509663107632,53.52
7.7,390.86857093800273,31.717299777129302,31.639887565453495,53.52
7.75,406.90455625809983,31.700035455342984,31.622326642146493,53.52
7.800000000000001,375.0946367486932,31.682777367944585,31.604772014121036,53.52
7.8500000000000005,379.33702270397237,31.665580763215978,31.58728206070819,53.52
7.9,385.99651365087647,31.648434538636998,31.569844883765203,53.52
7.95,379.9652434588381,31.63132426958446,31.552445252163587,53.52
8.0,676.740048534008,31.614564045203288,31.53541272543702,53.52
8.05,701.0284446220904,31.597757555915496,31.518328660867795,53.52
8.1,684.0654442941084,31.580964803381637,31.501257994321243,53.52
8.15,389.7359243063519,31.563921393486535,31.483924371339263,53.52
8.200000000000001,375.805757657662,31.54702231830855,31.466744949623745,53.52
8.25,400.49934405017547,31.530201305210646,31.44964808344229,53.52
8.3,377.1674670766377,31.513391045782146,31.432562203366295,53.52
8.35,381.7793848379433,31.496638109320088,31.415536503789674,53.52
8.4,393.13517217369673,31.47993895042034,31.398567088376986,53.52
8.450000000000001,372.6913568356605,31.46325803366428,31.381616558325923,53.52
8.5,703.4118990190619,31.44696624098718,31.365074222579178,53.52
8.55,719.6071413142364,31.430605718369023,31.34845645124273,53.52
8.6,675.8877514815816,31.414233188455952,31.33182504886378,53.52
8.65,386.8463385853231,31.397624743143204,31.314946397878433,53.52
8.700000000000001,387.5988279424843,31.381172756498852,31.29823464211868,53.52
8.75,392.81822871777314,31.36477203930379,31.281577155394015,53.52
8.8,372.63049289121926,31.34839155952357,31.26494072947048,53.52
8.85,371.7954338691573,31.33206071735864,31.248356402646113,53.52
8.9,390.219415656169,31.31579185063947,31.231836977235748,53.52
8.950000000000001,387.9698467323319,31.29955601404848,31.21535186030764,53.52
9.0,703.7573927551881,31.283685765925217,31.199250026989777,53.52
9.05,705.1967231424546,31.267736185263406,31.183061712181125,53.52
9.1,689.7996291763226,31.25180833092291,31.166895295468382,53.52
9.15,387.3225369716101,31.2356188879278,31.150454428039282,53.52
9.200000000000001,387.93072473298685,31.219589545854742,31.13418431754944,53.52
9.25,377.8564858197364,31.20359494774193,31.117951140753895,53.52
9.3,403.65774511144764,31.187672429812178,31.101793525671887,53.52
9.35,389.7383292091179,31.171767363921422,31.0856538031741,53.52
9.4,373.0869650279736,31.155891879387767,31.069545002931996,53.52
9.450000000000001,391.56553608633834,31.140083281190307,31.053506362015614,53.52
9.5,685.3797749465901,31.124609092602135,31.03781814845729,53.52
9.55,711.8062690561368,31.109088342947203,31.02207797358591,53.52
9.600000000000001,717.3789336851111,31.093600193457405,31.00637087501277,53.52
9.65,376.79317681648297,31.077801987327682,30.990338200401176,53.52
9.700000000000001,394.6337612924433,31.062194966406853,30.974509183661063,53.52
9.75,389.12780926936506,31.04662001110365,30.958714176040573,53.52
9.8,393.220601599945,31.03109191493433,30.94296816965473,53.52
9.850000000000001,403.96792982653955,31.01561378297086,30.927274331525176,53.52
9.9,382.54611883997137,31.000149944103597,30.911595157632718,53.52
9.950000000000001,377.46263835642515,30.984729422256425,30.895961388719638,53.52
10.0,875.0,30.96985956250007,30.88090508639358,53.52
10.05,895.0,30.954856420087637,30.865703883050234,53.52
10.100000000000001,874.9999999999991,30.939858579392475,30.850506706151954,53.52
10.15,855.0,30.924886775541378,30.835336691204933,53.52
10.200000000000001,875.0000000000008,30.909982416564286,30.820237417275333,53.52
10.25,895.0,30.89512986350481,30.805192093161732,53.52
10.3,874.9999999999994,30.880287666698326,30.79015715095345,53.52
10.350000000000001,855.0,30.86547126709396,30.775149172065714,53.52
10.4,875.0000000000003,30.850721912056798,30.760211507431535,53.52
10.450000000000001,895.0,30.83602395871792,30.745327358968126,53.52
10.5,874.9999999999999,30.82133595831468,30.730453159647315,53.52
10.55,855.0,30.806673352843767,30.71560549203646,53.52
10.600000000000001,875.000000000001,30.792077390719534,30.700827708227088,53.52
10.65,895.0,30.77753243011972,30.686103011292275,53.52
10.700000000000001,874.9999999999992,30.762997023325756,30.671387835356526,53.52
10.75,855.0,30.74848661337553,30.65669876413679,53.52
10.8,875.0000000000006,30.734042449721944,30.642079150871147,53.52
10.850000000000001,895.0,30.719648891578615,30.62751219977608,53.52
10.9,874.9999999999997,30.70526449225998,30.61295434611648,53.52
10.950000000000001,855.0,30.690904695834462,30.598422174746602,53.52
11.0,875.0000000000001,30.67661075278267,30.583959040038803,53.52
11.05,895.0,30.662367023343275,30.569548147340786,53.52
11.100000000000001,874.999999999999,30.64813206185314,30.555145933045566,53.52
11.15,855.0,30.633921313400403,30.54076898313261,53.52
11.200000000000001,875.0000000000009,30.619776029482722,30.52646065309635,53.52
11.25,895.0,30.605680571353155,30.512204149403583,53.52
11.3,874.9999999999993,30.5915934943604,30.49795590956352,53.52
11.350000000000001,855.0,30.577530244601643,30.48373252066864,53.52
11.4,875.0000000000005,30.563532074581033,30.46957733932355,53.52
11.450000000000001,895.0,30.549583346555554,30.455473573102196,53.52
11.5,686.6572835556171,30.535450228392197,30.441175864435472,53.52
11.55,687.7628457255184,30.521435513959485,30.427004051874505,53.52
11.600000000000001,698.8434743587884,30.50747061927302,30.412884646529296,53.52
11.65,388.4115197481665,30.49322082710442,30.39846602760838,53.52
11.700000000000001,387.76690799330026,30.4791275788253,30.38421433453482,53.52
11.75,393.2718324903603,30.465080503919676,30.37001146823745,53.52
11.8,385.1300189187791,30.45105974317124,30.355835888975726,53.52
11.850000000000001,399.5353407715732,30.437093366831206,30.341717119372348,53.52
11.9,382.3534316676205,30.42314039064514,30.32761197502919,53.52
11.950000000000001,412.20169166589625,30.409260793440353,30.313583627586304,53.52
12.0,709.385010216475,30.395709610828952,30.29989918676428,53.52
12.05,687.1426366537557,30.38205570239229,30.28610369703859,53.52
12.100000000000001,683.9366125290833,30.368439351388805,30.272346835763955,53.52
12.15,389.8247241524319,30.354559483857326,30.258313292702894,53.52
12.200000000000001,382.7653721467415,30.340822491518836,30.244432189088553,53.52
12.25,392.14000494092096,30.32713699785218,30.230605506012008,53.52
12.3,389.7323762457355,30.313481302224805,30.21680971797835,53.52
12.350000000000001,384.27171087343135,30.299856484456512,30.203045999009944,53.52
12.4,376.532062819316,30.286261443302713,30.189313244445152,53.52
12.450000000000001,369.8515277531414,30.272698103646597,30.175613501989446,53.52
12.5,693.3022757189947,30.259503222803378,30.16229998951151,53.52
12.55,712.8459819148521,30.246237616786516,30.148908796228458,53.52
12.600000000000001,703.211406161953,30.232985528647287,30.1355305322121,53.52
12.65,372.54261221288016,30.219433634687075,30.121837469671306,53.52
12.700000000000001,386.7318092585119,30.206059672965544,30.108333966342958,53.52
12.75,388.85317379728843,30.192721047978242,30.094867785135673,53.52
12.8,376.1614256379887,30.17940338906068,30.081423244763833,53.52
12.850000000000001,386.53725105945534,30.166135958892323,30.06803116629682,53.52
12.9,385.5820871844601,30.152898293249212,30.05466988876001,53.52
12.950000000000001,373.5702970216938,30.13968314826018,30.04133187412427,53.52
13.0,705.3668104052242,30.12684605947375,30.028390172644738,53.52
13.05,708.4117678955236,30.113917286971137,30.01534871709231,53.52
13.100000000000001,716.2457686476291,30.101025289881466,30.002344711330306,53.52
13.15,395.5380205203491,30.087836146596235,29.98902854226854,53.52
13.200000000000001,371.2233063204292,30.07478060937617,29.975855285577897,53.52
13.25,375.62174960084883,30.061776687561636,29.962736761592048,53.52
13.3,390.1503526720867,30.048820217528238,29.94966770338981,53.52
13.350000000000001,390.13785950912217,30.035891874290492,29.93662763891887,53.52
13.4,390.15047686306053,30.02299710969941,29.92362239962666,53.52
13.450000000000001,423.52731490654725,30.01017006913766,29.91068782936809,53.52
13.5,708.5633576603975,29.997654732129128,29.898079510045942,53.52
13.55,717.033484602709,29.98506999470967,29.88539515030909,53.52
13.600000000000001,714.310026452398,29.97250876823649,29.872734354627443,53.52
13.65,391.513912513058,29.959651439618977,29.859762571091153,53.52
13.700000000000001,381.8473075535966,29.946942741396384,29.846949485536094,53.52
13.75,392.5896922049327,29.934285591882723,29.834190907825587,53.52
13.8,377.2717478546243,29.921641880307682,29.82144600720269,53.52
13.850000000000001,382.6318139326,29.909042442205905,29.808747297149004,53.52
13.9,380.146364521709,29.896471431318353,29.796078005202812,53.52
13.950000000000001,385.81874139386326,29.88393991622779,29.783449773887245,53.52
14.0,734.7198785001026,29.871795320531817,29.771226948730654,53.52
14.05,671.9910221111238,29.859483226599806,29.758824606564712,53.52
14.100000000000001,710.2939028556177,29.847262679135795,29.74651773625387,53.52
14.15,368.87284128810353,29.834711026094332,29.733862894364034,53.52
14.200000000000001,380.2806813421057,29.82233549842465,29.72139567500199,53.52
14.25,395.88950596967373,29.810007663177792,29.70897873240949,53.52
14.3,385.6428001909547,29.7976954692764,29.696577669887645,53.52
14.350000000000001,374.222552220707,29.785407517792674,29.684201708394735,53.52
14.4,377.8469629074004,29.77315985707708,29.671867746093533,53.52
14.450000000000001,391.7959774893468,29.760957127634125,29.659580507002666,53.52
14.5,689.044500524243,29.749084430395637,29.647638897099334,53.52
14.55,703.2468788437296,29.737142005081452,29.63562079496292,53.52
14.600000000000001,700.6835775985572,29.72521922753705,29.623622092982725,53.52
14.65,378.48399652394187,29.71299916023948,29.611311110977834,53.52
14.700000000000001,406.43944089325333,29.700964256212245,29.59919710874976,53.52
14.75,391.3391902231802,29.688938176916416,29.587092399515008,53.52
14.8,364.748574133424,29.67692194773661,29.57499774385955,53.52
14.850000000000001,386.86454314769435,29.664970115340882,29.562970519472298,53.52
14.9,378.3821353523162,29.653032546639984,29.550957690864077,53.52
14.950000000000001,393.5243333479623,29.64114462877815,29.538996568157373,53.52
15.0,688.1121889235095,29.62958286868109,29.527377007453364,53.52
15.05,698.2789533779965,29.617947467094805,29.51567686053371,53.52
15.100000000000001,707.5748091847069,29.6063446182093,29.504009681308833,53.52
15.15,393.6575519417013,29.594447562030524,29.4920333341391,53.52
15.200000000000001,372.9970359294423,29.582681826805384,29.480197370397907,53.52
15.25,381.6549876415906,29.570967200830232,29.468415496166088,53.52
15.3,380.2505468883905,29.55927869514584,29.456660601555917,53.52
15.350000000000001,378.4667076742629,29.547619315921768,29.44493583565133,53.52
15.4,402.65454240281105,29.53601576502323,29.433269225274184,53.52
15.450000000000001,389.0498171096096,29.524419247592395,29.421609334710645,53.52
15.5,681.0867406849743,29.51315628411326,29.410298963502473,53.52
15.55,713.7679292058216,29.501843201509722,29.398932750557712,53.52
15.600000000000001,731.8323429551895,29.49056211225072,29.38759869354887,53.52
15.65,395.3246526055115,29.478959251349625,29.375926407433422,53.52
15.700000000000001,369.8063003404599,29.467490617538328,29.364397739583758,53.52
15.75,380.15765927133754,29.45607618204567,29.352926485393702,53.52
15.8,397.66911149186626,29.444705813622413,29.341501019720905,53.52
15.850000000000001,377.9233053438123,29.433338055186418,29.330077668148917,53.52
15.9,389.43819428146236,29.42201915513808,29.318705283092022,53.52
15.950000000000001,392.74634053429344,29.41072892525547,29.307362462398917,53.52
16.0,686.0960429263288,29.3997663956583,29.296362873256477,53.52
16.05,699.107119659073,29.388732174261502,29.28528475390466,53.52
16.1,651.3809898989639,29.37766960747707,29.274175677560066,53.52
16.150000000000002,374.75612358665717,29.366371555683664,29.262819557015906,53.52
16.2,382.47431848606846,29.355218465434287,29.25161786350765,53.52
16.25,372.52216818035157,29.34408448722377,29.24043631898105,53.52
16.3,401.3241130393164,29.333012836938032,29.229319823286172,53.52
16.35,370.69858622039374,29.321927753161024,29.218188531665415,53.52
16.400000000000002,380.5995551330302,29.31089323072102,29.207110065607157,53.52
16.45,386.307405772861,29.29988983273805,29.19606376567725,53.52
16.5,721.6190993359917,29.289255343388472,29.185403890933674,53.52
16.55,678.4620677323084,29.27847466386433,29.174586915813162,53.52
16.6,717.4474562823244,29.267774812323747,29.163853942746044,53.52
16.650000000000002,385.1023306101959,29.25674867640069,29.152777941924366,53.52
16.7,375.18491348952057,29.245869375455378,29.141858683495013,53.52
16.75,389.6210347426328,29.23504081565706,29.13099302514536,53.52
16.8,386.99059695573476,29.224232459493148,29.120148026993366,53.52
16.85,378.9978312284121,29.213444996457753,29.109324484729775,53.52
16.900000000000002,385.6980208499003,29.202695638781112,29.09854053686658,53.52
16.95,381.14686403138245,29.1919671738459,29.087777997620346,53.52
17.0,701.7027601787687,29.18159582717298,29.077389611434427,53.52
17.05,709.9319601178157,29.171135922870942,29.066904733653494,53.52
17.1,723.7902522421803,29.160710625743565,29.05645489583074,53.52
17.150000000000002,372.6218450117316,29.149948245340788,29.04565082753688,53.52
17.2,406.3303337465627,29.139384128978254,29.03505766979451,53.52
17.25,365.47912200477504,29.128796794002483,29.024440141789604,53.52
17.3,383.48214904964425,29.118271018452987,29.01388709106493,53.52
17.35,390.88317206484584,29.10777375227494,29.003363389938947,53.52
17.400000000000002,387.80991867735037,29.097297676521777,28.992861341211693,53.52
17.45,378.7730048017941,29.086840799193077,28.982378973660044,53.52
17.5,696.8781662446409,29.076739670244663,28.972269376469146,53.52
17.55,692.6049859801175,29.06653751067892,28.96205023063695,53.52
17.6,691.1595286458369,29.056358521989505,28.951854249027253,53.52
17.650000000000002,393.4960209702103,29.045902528337887,28.9413672227531,53.52
17.7,388.57015485965053,29.03558400505096,28.93102684135968,53.52
17.75,378.0709040473935,29.025286975393787,28.92070924199564,53.52
17.8,393.99599875433256,29.015037299446075,28.9104409912731,53.52
17.85,388.07299520876614,29.004802273573862,28.90018750165935,53.52
17.900000000000002,393.1286211883897,28.994601228017856,28.889969202628045,53.52
17.95,391.2962884192362,28.984423028725207,28.879774352014095,53.52
18.0,687.565074836169,28.9745746688541,28.869924999882556,53.52
18.05,691.5972843970454,28.964641469641336,28.85998327106437,53.52
18.1,711.209404076849,28.95474928124036,28.85008337625024,53.52
18.150000000000002,391.1037026543347,28.944548177997987,28.839858735293056,53.52
18.2,384.7909840603586,28.934490907053807,28.829787576472906,53.52
18.25,386.1732738330879,28.92446737007213,28.819752091026242,53.52
18.3,397.7766489578843,28.914481483431377,28.80975565721974,53.52
18.35,379.08428611164175,28.904498053048762,28.799761202542452,53.52
18.400000000000002,390.47097381170045,28.89455940115283,28.78981339016214,53.52
18.45,382.9780734756611,28.88463482530786,28.779879785891982,53.52
18.5,696.7347819515917,28.875059414046643,28.770311985668382,53.52
18.55,716.4816527798079,28.86540779739615,28.760660697026,53.52
18.6,712.3812452348204,28.855765955364323,28.751018278085052,53.52
18.650000000000002,393.13509636000646,28.84582441613841,28.741060969295354,53.52
18.7,398.0547880715433,28.836037437643615,28.73126843015242,53.52
18.75,385.2100384163276,28.826264606135787,28.721490902646085,53.52
18.8,391.8195297129497,28.816529048238195,28.711752138916943,53.52
18.85,381.8973324340655,28.806806343186366,28.702026331191902,53.52
18.900000000000002,388.2416635248845,28.797119253046205,28.692337473507468,53.52
18.95,383.6985694563232,28.78745044941614,28.68266726381531,53.52
19.0,701.4549394748908,28.778133141441586,28.67336527717185,53.52
19.05,708.9273553815538,28.76872483660257,28.663964234928343,53.52
19.1,687.7266897514979,28.759312908271436,28.654558113476273,53.52
19.150000000000002,405.9238727568547,28.749645687654976,28.644883866569174,53.52
19.200000000000003,374.939826185003,28.740081343928654,28.635319843001263,53.52
19.25,372.8581138721227,28.730555036404375,28.625796153610814,53.52
19.3,396.5811087350007,28.721079070998197,28.616324898359682,53.52
19.35,392.9166269396294,28.711614939061878,28.60686533563229,53.52
19.400000000000002,391.2411981705216,28.70217493499928,28.597430566700954,53.52
19.450000000000003,391.28345509264284,28.69276028333885,28.588021913104946,53.52
19.5,699.8162984072962,28.683685356928397,28.57896910186116,53.52
19.55,686.5411844277126,28.674501128519246,28.5697981097667,53.52
19.6,701.1370683729059,28.665357391403468,28.56066852815096,53.52
19.650000000000002,378.22838288487895,28.65590205815308,28.551211453340013,53.52
19.700000000000003,394.75119733417756,28.646613085631635,28.541931511087345,53.52
19.75,383.52942618497866,28.637334163366912,28.532662162479685,53.52
19.8,376.74502803207497,28.628076785275297,28.52341502489112,53.52
19.85,381.7861415834701,28.618851458842936,28.51420109489951,53.52
19.900000000000002,389.1293145427563,28.60965583050321,28.50501777882554,53.52
19.950000000000003,379.36275447196033,28.600471318384347,28.495845536061122,53.52
20.0,875.0000000000001,28.591820745682487,28.487232916495124,53.52
20.05,895.0,28.583021444206878,28.478458936104786,53.52
20.1,875.0000000000001,28.574211282750955,28.469671753162586,53.52
20.150000000000002,855.0,28.565411016327488,28.460894521693234,53.52
20.200000000000003,875.0000000000019,28.556662094396774,28.452170866004078,53.52
20.25,895.0,28.5479489199845,28.44348404095005,53.52
20.3,875.0000000000006,28.539230085318756,28.434790524585967,53.52
20.35,855.0,28.530521073132768,28.42610694417037,53.52
20.400000000000002,875.0000000000015,28.521863172466762,28.417476696356463,53.52
20.450000000000003,895.0,28.51324078201811,28.408883028658952,53.52
20.5,875.000000000001,28.504612494482178,28.40028241952465,53.52
20.55,855.0,28.49599379320543,28.391691496873886,53.52
20.6,875.000000000001,28.487425967844104,28.383153658029272,53.52
20.650000000000002,895.0,28.478893417710324,28.374652151173603,53.52
20.700000000000003,874.9999999999992,28.470354736112466,28.366143455419966,53.52
20.75,855.0,28.461825407008405,28.35764419935304,53.52
20.8,875.0000000000007,28.453346720664264,28.34919778095824,53.52
20.85,895.0,28.444903077000397,28.340787449079176,53.52
20.900000000000002,874.9999999999995,28.436453069931854,28.332369683488068,53.52
20.950000000000003,855.0,28.42801218402167,28.323961113426996,53.52
21.0,875.0000000000002,28.41962171013941,28.31560513753689,53.52
21.05,895.0,28.411266048807395,28.30728500531521,53.52
21.1,875.0,28.402903794541032,28.298957197186244,53.52
21.150000000000002,855.0,28.394550432502122,28.290638343042406,53.52
21.200000000000003,875.000000000002,28.386247254157514,28.282371842173195,53.52
21.25,895.0,28.377978660625175,28.2741409447229,53.52
21.3,875.0000000000005,28.36970324701466,28.265902131760914,53.52
21.35,855.0,28.361436499080334,28.257672033822978,53.52
21.400000000000002,875.0000000000016,28.353219708880115,28.249494050840262,53.52
21.450000000000003,895.0,28.34503727812144,28.241351433596943,53.52
21.5,687.6666940665035,28.33665644511249,28.232999949131656,53.52
21.55,703.6553081723787,28.328393821246934,28.224773921077077,53.52
21.6,703.6744985666309,28.320148939994645,28.216566282045786,53.52
21.650000000000002,379.9305682462888,28.311594752201238,28.208033680034273,53.52
21.700000000000003,380.28961694381684,28.303188547963305,28.199658958163866,53.52
21.75,387.3204993735764,28.294815006323567,28.191318694367983,53.52
21.8,370.5191565850268,28.28644353478809,28.18298005601746,53.52
21.85,370.9253622562345,28.278100743927624,28.174671133581946,53.52
21.900000000000002,377.8155577874757,28.269786787982575,28.16639196972294,53.52
21.950000000000003,382.8655284828816,28.261497014382723,28.158137584969214,53.52
22.0,704.66361348397,28.253555544799866,28.150247951491224,53.52
22.05,722.1303432542433,28.245528024091573,28.142264361697052,53.52
22.1,712.8648943480302,28.237501551598164,28.13428045749978,53.52
22.150000000000002,383.4006147003658,28.229162752250424,28.125968437508686,53.52
22.200000000000003,384.80983792097317,28.22097476096679,28.117817330298426,53.52
22.25,374.97470635362197,28.212801296460555,28.109681658692807,53.52
22.3,384.81486864007616,28.20466311193651,28.10158260747444,53.52
22.35,382.11341361079866,28.19653970546899,28.093498462188673,53.52
22.400000000000002,388.227185603381,28.188444673535937,28.08544356282368,53.52
22.450000000000003,376.7276905644768,28.180356674687033,28.077395462685832,53.52
22.5,707.7901977136175,28.17263233196152,28.069728378267058,53.52
22.55,722.9910836950387,28.16481566028504,28.061960695725997,53.52
22.6,698.3685977731471,28.156984577014274,28.054176483962575,53.52
22.650000000000002,389.01711722098946,28.148867168661944,28.046091581822886,53.52
22.700000000000003,391.9014399171112,28.14089388870639,28.03816042023949,53.52
22.75,380.9877952811417,28.13293267892626,28.030242057543997,53.52
22.8,387.24092481810425,28.1250029250968,28.022356306245175,53.52
22.85,385.125924007818,28.117089404535726,28.014487021929657,53.52
22.900000000000002,385.9767609854884,28.1091981492154,28.006640575260803,53.52
22.950000000000003,377.2699021614454,28.101318279566637,27.998805541649556,53.52
23.0,700.3676526138842,28.093792366156155,27.991341331339516,53.52
23.05,707.4699743686817,28.08616838633576,27.983770575313983,53.52
23.1,721.7671541169257,28.078572472295345,27.976227939385833,53.52
23.150000000000002,394.59270826085213,28.070656445147353,27.968348807048855,53.52
23.200000000000003,406.5318245751156,28.062899728008926,27.96063942649453,53.52
23.25,377.32652437111955,28.05513251652624,27.952919120159123,53.52
23.3,393.72320636720684,28.047413598659634,27.945249245728853,53.52
23.35,386.8334200573836,28.039701766132676,27.937586180817043,53.52
23.400000000000002,406.8980293321768,28.032033037922268,27.929967836253805,53.52
23.450000000000003,376.91701714644853,28.024345998157543,27.922329573744168,53.52
23.5,687.4041723672883,28.01700754677675,27.915056668993135,53.52
23.55,691.0091103183397,28.009572084121384,27.907678492219297,53.52
23.6,668.141564135353,28.002127736952087,27.90028974187977,53.52
23.650000000000002,379.74244978319246,27.994416918484138,27.892621133570092,53.52
23.700000000000003,377.4086733844631,27.98683571222209,27.88509082797598,53.52
23.75,386.5039378647621,27.979287772392006,27.87759555484906,53.52
23.8,388.41755975777164,27.971758085417,27.87011885288163,53.52
23.85,403.76170839215894,27.96426287535144,27.862677748576782,53.52
23.900000000000002,394.50423838186055,27.956771798818707,27.855240295267436,53.52
23.950000000000003,379.230963443376,27.949288071210827,27.847810078075714,53.52
24.0,686.5237799297746,27.942143772613175,27.840735527799126,53.52
24.05,707.3787875725976,27.934920655565676,27.833574788876362,53.52
24.1,680.1965018946904,27.92767704761508,27.826391136747436,53.52
24.150000000000002,403.3145876585436,27.920179683654997,27.81894096648907,53.52
24.200000000000003,396.7944012072129,27.912802684200503,27.811619291591846,53.52
24.25,380.308243478953,27.905433777906747,27.80430625929133,53.52
24.3,367.8686547090913,27.89807794082255,27.79700661891191,53.52
24.35,398.53872374165417,27.890777630477658,27.78976485281243,53.52
24.400000000000002,383.85460154747386,27.883469642659747,27.78251423291246,53.52
24.450000000000003,397.37816311973467,27.876199872519223,27.77530324768292,53.52
24.5,676.0835851180844,27.869228682682756,27.768404809230383,53.52
24.55,691.0093746556934,27.862182904414606,27.761424835447457,53.52
24.6,700.0786554957728,27.855155813588947,27.754463159957314,53.52
24.650000000000002,385.4698059376475,27.84782191072053,27.747178975437365,53.52
24.700000000000003,380.4993452852076,27.840623720246487,27.740039674863752,53.52
24.75,391.22849932347503,27.833460773962585,27.73293755898894,53.52
24.8,374.3237957061741,27.82629526003329,27.72583216661353,53.52
24.85,383.57620514978714,27.819164316498902,27.718762649900338,53.52
24.900000000000002,386.20295631711906,27.8120512674159,27.711711317959075,53.52
24.950000000000003,390.14438834058757,27.80495968471815,27.704681927616992,53.52
25.0,710.6742231713333,27.79821245924985,27.69801315735063,53.52
25.05,683.130368622432,27.791330594537612,27.691199471814752,53.52
25.1,676.9882874389657,27.784467415782636,27.68440440774813,53.52
25.150000000000002,397.7767682189851,27.777339512113745,27.677331218062527,53.52
25.200000000000003,388.323140119796,27.77032869122606,27.670383062619873,53.52
25.25,377.5151346344345,27.763331963447808,27.663449873508565,53.52
25.3,400.51151975522527,27.756381367425174,27.656564705416187,53.52
25.35,386.15674634292867,27.749425469874,27.649673247029014,53.52
25.400000000000002,396.7929718406383,27.74250388152609,27.642817336392195,53.52
25.450000000000003,385.67518481410116,27.735585032710237,27.635963693070064,53.52
25.5,730.9112188732298,27.729041072545403,27.62950282696164,53.52
25.55,726.3301126366481,27.722376005479408,27.62291102910114,53.52
25.6,696.2655377728139,27.71569545835783,27.616301736639887,53.52
25.650000000000002,394.7157095095436,27.708735880704655,27.60939949365285,53.52
25.700000000000003,391.45375949585156,27.7019081817319,27.602638073671155,53.52
25.75,398.68631557532353,27.69511039240808,27.595908201757485,53.52
25.8,375.350765394199,27.688303843579412,27.589168587262684,53.52
25.85,391.86051459998447,27.68154087007193,27.582474363990602,53.52
25.900000000000002,395.58424486849594,27.674793217146448,27.575795568874366,53.52
25.950000000000003,367.4126051357689,27.668032769451766,27.569102752492462,53.52
26.0,682.2511223100133,27.661622415849344,27.56277688584658,53.52
26.05,669.4115173335985,27.655094132600073,27.556323758194036,53.52
26.1,695.9588974833316,27.6486113893315,27.549917291956483,53.52
26.150000000000002,392.1754225579597,27.641825011275476,27.543191534650372,53.52
26.200000000000003,400.02357052096033,27.635181631363768,27.53661816120361,53.52
26.25,385.7409478041978,27.628541408620215,27.530048163855884,53.52
26.3,401.28615545571296,27.621939932201848,27.523518439831026,53.52
26.35,371.19898541785113,27.615319090905803,27.51696775365629,53.52
26.400000000000002,367.96617560644853,27.608723692882464,27.51044348791546,53.52
26.450000000000003,384.4445230110339,27.602163922229796,27.50395615874207,53.52
26.5,705.7609817340896,27.595943152689024,27.497823727013344,53.52
26.55,699.5095787785885,27.589607675423874,27.491567252181774,53.52
26.6,668.9883684994019,27.58325630144749,27.485292913016675,53.52
26.650000000000002,384.10879960487216,27.57664227035,27.478742809860865,53.52
26.700000000000003,371.9553049949515,27.57014368778401,27.472316134923275,53.52
26.75,391.69672548830044,27.563690185475863,27.465936972121707,53.52
26.8,388.66598246096856,27.557243020471365,27.45956379770788,53.52
26.85,375.6012021367265,27.55080028485463,27.453194729135642,53.52
26.900000000000002,379.8613308266331,27.544383793360037,27.446852791521323,53.52
26.950000000000003,374.40786478111056,27.537976971570284,27.44052045488979,53.52
27.0,699.0598135409024,27.53192055652458,27.434555176619615,53.52
27.05,714.3271348075185,27.52576994211805,27.428487382363787,53.52
27.1,685.2141093049669,27.51959602794335,27.422393743470472,53.52
27.150000000000002,390.0404651551785,27.513147687287116,27.4160119343832,53.52
27.200000000000003,379.69742381627566,27.506820172971228,27.409759290263455,53.52
27.25,377.0712716773766,27.500513860444265,27.40352911782099,53.52
27.3,383.9296964004545,27.494232243053062,27.397324407489553,53.52
27.35,374.64757677580633,27.48795491390062,27.39112360854671,53.52
27.400000000000002,379.46350694652824,27.481702396098537,27.38494838262309,53.52
27.450000000000003,373.02122107411157,27.475457848729647,27.378780961416805,53.52
27.5,729.4708769937458,27.469596140480718,27.373014625969166,53.52
27.55,700.528953279576,27.46358226984808,27.367084667702724,53.52
27.6,689.5041173801112,27.45757996845314,27.36116580382958,53.52
27.650000000000002,387.1397991073423,27.451288939526236,27.35494368710717,53.52
27.700000000000003,383.87671950309175,27.445128150625468,27.34886064666451,53.52
27.75,382.7903040046678,27.438987037205937,27.342798422559156,53.52
27.8,391.1416670004343,27.432871038643462,27.336762072029945,53.52
27.85,392.5750771004731,27.42676924418155,27.33074001590685,53.52
27.900000000000002,379.6949885238948,27.420669561951865,27.324719616027288,53.52
27.950000000000003,379.24181759355326,27.414590295732932,27.318720226170022,53.52
28.0,695.8742245427253,27.408850644744124,27.313076565038422,53.52
28.05,665.4711825289662,27.402972369373995,27.307283863039547,53.52
28.1,677.2721340670217,27.397129643000827,27.30152751210362,53.52
28.150000000000002,398.6687426744453,27.391013239931915,27.295483481191862,53.52
28.200000000000003,401.4496771350129,27.385023339375426,27.28957432403609,53.52
28.25,382.5096396044363,27.379031813326254,27.283663526786764,53.52
28.3,390.7655696305577,27.373071747198086,27.27778541868538,53.52
28.35,388.1125015454354,27.367121542151157,27.271917090949234,53.52
28.400000000000002,415.78880808455244,27.361216070338372,27.266095168992713,53.52
28.450000000000003,396.1957491143458,27.355295306415847,27.260256414923806,53.52
28.5,698.0812361277885,27.34970562778785,27.25476454228266,53.52
28.55,685.6668933909937,27.344001220441168,27.249148876724927,53.52
28.6,675.9033051961364,27.338303092560427,27.24353872131428,53.52
28.650000000000002,387.0346363586723,27.33232857177401,27.237638212529347,53.52
28.700000000000003,377.436492547157,27.32647175116713,27.23186349327564,53.52
28.75,370.7774629040233,27.320630418291994,27.226105233362226,53.52
28.8,378.5342711575748,27.31481503521883,27.22037379355929,53.52
28.85,374.18451996385613,27.309007460296158,27.214649962229714,53.52
28.900000000000002,401.8714163507257,27.303244915574002,27.2089728666024,53.52
28.950000000000003,393.81639756949454,27.297478507043,27.20329093188149,53.52
29.0,699.8804103802507,27.292042584115233,27.19795513852938,53.52
29.05,722.1991620833504,27.28652526177691,27.19253044668297,53.52
29.1,701.1605246147143,27.280988718615593,27.187084167346136,53.52
29.150000000000002,376.3871579867174,27.275142651602284,27.18131281812048,53.52
29.200000000000003,400.23124077269665,27.269462123406775,27.175717811676797,53.52
29.25,390.38910043684666,27.26378084057119,27.170121982449775,53.52
29.3,374.62753845673546,27.258101929930437,27.16452820629102,53.52
29.35,383.096613219164,27.252452693326923,27.158965209831813,53.52
29.400000000000002,376.2438174661525,27.246808099515164,27.153406515464873,53.52
29.450000000000003,371.1720026903567,27.241175612069267,27.14786004952257,53.52
29.5,713.8926632129746,27.23590993969534,27.142697879543142,53.52
29.55,728.6412496070519,27.230540481036346,27.137422969442724,53.52
29.6,679.0214863927129,27.22512473231237,27.132098073792072,53.52
29.650000000000002,390.6296923669058,27.219447443412356,27.12649873367768,53.52
29.700000000000003,378.4935743087818,27.213884746524613,27.12102200748646,53.52
29.75,380.1287461623531,27.208346232873488,27.115570894764062,53.52
29.8,379.07606075761134,27.202820699225896,27.11013292694585,53.52
29.85,376.3600923032019,27.197307202496635,27.104707076175366,53.52
29.900000000000002,385.4852162794483,27.191818473462913,27.0993067148998,53.52
29.950000000000003,376.6904988358897,27.186331579332926,27.09390767664167,53.52
30.0,874.999999999999,27.18137131405334,27.089060567748653,53.52
30.05,895.0,27.1762516467656,27.084040861800673,53.52
30.1,874.999999999999,27.171111489201497,27.078997834319072,53.52
30.150000000000002,855.0,27.165971651365485,27.073954703530344,53.52
30.200000000000003,875.0000000000008,27.16087360861028,27.068955122035323,53.52
30.25,895.0,27.155801788902256,27.06398237165652,53.52
30.3,874.9999999999994,27.150714809317943,27.05899295730015,53.52
30.35,855.0,27.145628177373432,27.05400353300235,53.52
30.400000000000002,875.0000000000003,27.14058320682693,27.049057522122116,53.52
30.450000000000003,895.0,27.135564321029555,27.04413819880814,53.52
30.5,874.9999999999998,27.130530137265943,27.039202068069734,53.52
30.55,855.0,27.125496163407686,27.034265784318407,53.52
30.6,875.0,27.120503713572266,27.02937277129685,53.52
30.650000000000002,895.0,27.115537211469096,27.024506303536924,53.52
30.700000000000003,874.999999999998,27.110555274740303,27.019622886430053,53.52
30.75,855.0,27.105573411614003,27.014739174768803,53.52
30.8,874.9999999999995,27.100632936563205,27.009898592675903,53.52
30.85,895.0,27.095718273652064,27.00508441506231,53.52
30.900000000000002,874.9999999999984,27.09078804087643,27.000253147697386,53.52
30.950000000000003,855.0,27.08585774681717,26.995421445750775,53.52
31.0,874.9999999999991,27.08096870629926,26.99063273372114,53.52
31.05,895.0,27.07610534373779,26.985870286894382,53.52
31.1,874.9999999999989,27.071226277478626,26.98109061141394,53.52
31.150000000000002,855.0,27.066347016451896,26.976310362822304,53.52
31.200000000000003,875.0000000000009,27.06150887583073,26.971572965990198,53.52
31.25,895.0,27.056696280377533,26.966861696574473,53.52
31.3,874.9999999999993,27.05186784878467,26.962133061088483,53.52
31.35,855.0,27.04703909032769,26.95740371544375,53.52
31.400000000000002,875.0000000000005,27.042251320524432,26.952717084878973,53.52
31.450000000000003,895.0,27.037488964480954,26.948056445417976,53.52
31.5,704.0568523866975,27.032536026076354,26.943195150191237,53.52
31.55,699.246428358263,27.027664764491576,26.938420841299294,53.52
31.6,696.4157792970038,27.0228073504377,26.933661014286816,53.52
31.650000000000002,375.92436337958407,27.017636449297363,26.928571922763822,53.52
31.700000000000003,379.2322866943167,27.012606498228653,26.923633322970556,53.52
31.75,392.55391225825764,27.00760565039974,26.918725424760627,53.52
31.8,390.00917187624384,27.002610167271552,26.913822552140132,53.52
31.85,375.22444755201457,26.99761344951747,26.9089178765127,53.52
31.900000000000002,385.9933230542923,26.992646514293202,26.90404408454649,53.52
31.950000000000003,392.51387123371796,26.98769519868141,26.89918609914098,53.52
32.0,674.9589207831795,26.98304267104066,26.89464092224,53.52
32.050000000000004,708.150402885699,26.978326788082004,26.890025994421553,53.52
32.1,690.0606436158123,26.97358866174191,26.885386271997515,53.52
32.15,708.5589800288974,26.968888316915077,26.880785737335096,53.52
32.2,377.3674084345749,26.963854960421195,26.875835251429276,53.52
32.25,366.95117899335486,26.958952076736477,26.871024329241433,53.52
32.300000000000004,368.7245756211684,26.95407159497532,26.866237239320117,53.52
32.35,385.4808494666139,26.949220509130004,26.86148053062497,53.52
32.4,387.5972250172149,26.9443777422004,26.85673188147454,53.52
32.45,375.95683374895594,26.939534708223924,26.85198239329028,53.52
32.5,709.5788868816607,26.935049572788746,26.847607911812467,53.52
32.550000000000004,675.0771990659656,26.930411899807385,26.843069677944094,53.52
32.6,699.0088030202902,26.92582032702528,26.838578892371064,53.52
32.65,681.8347570035631,26.921214204374188,26.834072138895248,53.52
32.7,378.48163892197846,26.916316611709572,26.8292592765574,53.52
32.75,385.4739867131642,26.91155653803104,26.824593173078625,53.52
32.800000000000004,376.3958663471605,26.906800365890614,26.819931271670384,53.52
32.85,381.1544445577018,26.90206500227525,26.815290812032888,53.52
32.9,395.0629280921445,26.897354462082504,26.81067586666649,53.52
32.95,379.23108130476857,26.892634604611445,26.80605050517034,53.52
33.0,712.5353816809771,26.88827349194702,26.801801058171883,53.52
33.050000000000004,683.0543971801358,26.883764813515736,26.797393088248967,53.52
33.1,707.9470626687292,26.879300942177583,26.793031165700338,53.52
33.15,721.6235293098686,26.874853271987323,26.788685512968534,53.52
33.2,360.28355499872714,26.870042532655944,26.78395834840537,53.52
33.25,377.0310474452953,26.865401142076056,26.77941183355508,53.52
33.300000000000004,390.7707212718055,26.860783525746115,26.77489039823096,53.52
33.35,382.9695461395701,26.856164604054026,26.770366974607395,53.52
33.4,388.71145873371313,26.851566458398583,26.76586489534495,53.52
33.45,378.9601481328418,26.84696820935252,26.76136217335891,53.52
33.5,701.2988468120935,26.842714930449873,26.757220881387745,53.52
33.550000000000004,697.6648414691188,26.83834438453182,26.752952946124456,53.52
33.6,717.5167309248972,26.834003255239697,26.748714688610903,53.52
33.65,703.8163126495182,26.82965170212788,26.74446477109763,53.52
33.7,388.3760266207521,26.824994359478318,26.739893703149033,53.52
33.75,380.88123033877537,26.820463750513305,26.735458200080163,53.52
33.800000000000004,380.1239377592751,26.81595068780024,26.731041387390963,53.52
33.85,380.67441812180385,26.811450449616583,26.726637601719553,53.52
33.9,388.94452142378304,26.806970201033902,26.722254292596684,53.52
33.95,380.79015519179745,26.802490104321016,26.71787057105686,53.52
34.0,704.3466228534462,26.79835526379206,26.7138485611675,53.52
34.050000000000004,731.1310119796816,26.794133428574455,26.709731648627976,53.52
34.1,713.0668705514754,26.78989010371591,26.705590720075612,53.52
34.15,695.1096470174824,26.785646079815812,26.701448640378278,53.52
34.2,397.01213922163953,26.78111577025812,26.697005994111073,53.52
34.25,380.91924626978454,26.7766964291063,26.692682224353383,53.52
34.300000000000004,364.6187546482215,26.772281598946527,26.688363522966533,53.52
34.35,374.919136890826,26.76789540433802,26.684074606567087,53.52
34.4,366.2920807897415,26.763508047964436,26.679783925054483,53.52
34.45,381.48486515958695,26.759150884165425,26.67552449156331,53.52
34.5,700.2762756878433,26.755124941327384,26.67161185939625,53.52
34.550000000000004,725.1465596841292,26.751011348494124,26.6676036384108,53.52
34.6,704.9039106064624,26.746874545534574,26.663569627425026,53.52
34.65,696.713492067867,26.74274760865509,26.659545577418694,53.52
34.7,393.29405581183494,26.738324889737278,26.655210913403835,53.52
34.75,362.8886469099212,26.734000187888967,26.65098157627637,53.52
34.800000000000004,387.35614558108574,26.729726990747785,26.646806754748294,53.52
34.85,392.7086519388697,26.72546139124124,26.642639287484798,53.52
34.9,370.2141375422016,26.72118160550198,26.638456357453002,53.52
34.95,396.43754043206934,26.716948408977707,26.634322019895492,53.52
35.0,705.0774461124162,26.713031630403115,26.63051888365712,53.52
35.050000000000004,693.770681291488,26.70899377114597,26.6265851742787,53.52
35.1,709.4917279915943,26.704983354628418,26.622679185842127,53.52
35.15,734.060392867066,26.701002433324177,26.618803480110614,53.52
35.2,386.81866255058503,26.696667508959887,26.614555699158007,53.52
35.25,387.4822058630034,26.692478684780035,26.610464036766693,53.52
35.300000000000004,380.4063910045976,26.68829725243684,26.6063804117346,53.52
35.35,376.50155630535215,26.684125591692638,26.60230667179589,53.52
35.4,393.3033581654425,26.679983572230253,26.598263601538044,53.52
35.45,376.4391617409114,26.675828676065404,26.594206392588692,53.52
35.5,701.0734935582909,26.672022564211535,26.590514675761078,53.52
35.550000000000004,692.8351382985232,26.66809250416956,26.58668931613866,53.52
35.6,707.1846973861959,26.664186849375792,26.582888435495402,53.52
35.65,705.0049315793042,26.66028358422194,26.579089415723118,53.52
35.7,395.37539944257907,26.656074900859046,26.57496955139578,53.52
35.75,379.8998360114526,26.651981250146004,26.57097291345296,53.52
35.800000000000004,382.30125064706635,26.64791025105901,26.567000401699758,53.52
35.85,375.21236284217696,26.64384198601086,26.5630303357658,53.52
35.9,380.5570673992389,26.639792518894353,26.559079582419155,53.52
35.95,388.77300493044856,26.635760020082223,26.555146117832724,53.52
36.0,711.3548292496803,26.632064314066977,26.551565351257754,53.52
36.050000000000004,686.1675201373356,26.628227571414957,26.547832987974108,53.52
36.1,713.0440888015848,26.624434361486866,26.544145338781167,53.52
36.15,720.3345678820742,26.62064826659295,26.54046442606804,53.52
36.2,389.1343490322371,26.616530611492887,26.536435134051,53.52
36.25,403.7679581255807,26.61256674427074,26.53256991253026,53.52
36.300000000000004,377.26210800896433,26.608584250618566,26.528685275751112,53.52
36.35,372.5534529668859,26.604617544205727,26.52481700050472,53.52
36.4,367.2127975109573,26.600657853809857,26.520955721432983,53.52
36.45,399.96044311489186,26.596744074535188,26.517142197186654,53.52
36.5,709.8154848453108,26.59314440450067,26.51365736525162,53.52
36.550000000000004,699.1662299363431,26.58942294762418,26.510041204062244,53.52
36.6,704.1995293947973,26.58571691993604,26.506440165895658,53.52
36.65,683.1176642905243,26.581997090890866,26.502824113372895,53.52
36.7,409.4575197961683,26.578015530278787,26.498933255267385,53.52
36.75,386.2922118197523,26.574126851720017,26.495142088670196,53.52
36.800000000000004,386.093947946049,26.570260207580308,26.491374407862754,53.52
36.85,392.257666238987,26.566410383155173,26.4876239943563,53.52
36.9,389.8100923173672,26.56256572967304,26.48387848532784,53.52
36.95,387.23884024279135,26.55872935718639,26.480141209305454,53.52
37.0,688.1428831683203,26.555211381768476,26.476737466689336,53.52
37.050000000000004,707.0720253570399,26.551605485983224,26.473238088290696,53.52
37.1,728.2303674471256,26.548019855376204,26.469758643950815,53.52
37.15,720.1813006923246,26.544426847330183,26.46627070481279,53.52
37.2,400.931866266394,26.54051997001541,26.462453109262338,53.52
37.25,379.8878432356882,26.53672543750788,26.458756040843276,53.52
37.300000000000004,375.10395179741425,26.532947703478566,26.455077049729187,53.52
37.35,383.7421307990036,26.529190851231597,26.451419637662685,53.52
37.4,385.557249122887,26.52544237591143,26.44777048354632,53.52
37.45,395.94191518470956,26.521713488425153,26.44414138016682,53.52
37.5,674.6130305542777,26.518274943149336,26.44081625102003,53.52
37.550000000000004,722.9432547919092,26.514786758954887,26.437435833324034,53.52
37.6,697.6298815213152,26.511259932105652,26.434013324751135,53.52
37.65,693.5967839507887,26.507747335908334,26.430605385072,53.52
37.7,374.8789562473984,26.503920168930737,26.42686711850976,53.52
37.75,368.45143328134236,26.500219833632517,26.42326457127017,53.52
37.800000000000004,393.2317058396192,26.496560586058376,26.419705438283202,53.52
37.85,385.7331796718841,26.492893818315803,26.416137775104076,53.52
37.9,372.1003910025895,26.48922531638438,26.412567859816004,53.52
37.95,372.04921227936387,26.485571686151147,26.40901323707487,53.52
38.0,694.963229510648,26.482257615582753,26.4058143566204,53.52
38.050000000000004,725.0353228793409,26.478857931428923,26.402522049122144,53.52
38.1,696.106129729546,26.475422246593038,26.39919050899616,53.52
38.15,677.4528557032284,26.471987212689665,26.395859369166853,53.52
38.2,382.5425693591406,26.46826743039567,26.392229341899682,53.52
38.25,382.27276430252334,26.464671443048974,26.388731652698386,53.52
38.300000000000004,358.03113357058436,26.461063546752577,26.385221682659036,53.52
38.35,384.4570513348219,26.457501544959374,26.381759679050685,53.52
38.400000000000006,382.69065469791326,26.453937082887183,26.378294441509354,53.52
38.45,391.96206364813423,26.45039178146228,26.374848814244334,53.52
38.5,727.7343414241802,26.447195136758825,26.371768353571206,53.52
38.550000000000004,716.8984754432164,26.443865697957875,26.368544833767253,53.52
38.6,695.9666696416775,26.440523927771277,26.365307284782375,53.52
38.650000000000006,373.9347409125834,26.436870034278606,26.36174208287803,53.52
38.7,410.73359803249866,26.43338814261808,26.358360054874712,53.52
38.75,385.59218434014497,26.429879087525507,26.35494944591204,53.52
38.800000000000004,385.1392929191295,26.426388148152807,26.351557600074464,53.52
38.85,384.75874912890004,26.422906379733273,26.348174985866347,53.52
38.900000000000006,386.9808476076786,26.419436125351016,26.344804011785328,53.52
38.95,383.55639588076065,26.415970570908836,26.341437502300963,53.52
39.0,691.3950698967965,26.41282980902176,26.338411252427054,53.52
39.050000000000004,691.7971158813941,26.409578541753017,26.33526562963752,53.52
39.1,699.50870094676,26.406339970970397,26.332132188067483,53.52
39.150000000000006,379.5657522886624,26.402779936959593,26.328660999227285,53.52
39.2,377.8715421732284,26.39935120141171,26.325330209799706,53.52
39.25,386.064302276919,26.39594407870935,26.322022375727098,53.52
39.300000000000004,382.4502278257915,26.392539112475795,26.318716327811064,53.52
39.35,400.03992988582695,26.389162306173578,26.315439395898345,53.52
39.400000000000006,358.49030191606994,26.385745097605774,26.312119480188038,53.52
39.45,395.9150685192247,26.382390914955227,26.308865602556505,53.52
39.5,718.6912778874645,26.37936117476568,26.305951315881174,53.52
39.550000000000004,668.8991465138778,26.376163135152147,26.30285680869,53.52
39.6,694.8596860887948,26.373015537626845,26.299814533879438,53.52
39.650000000000006,381.2855913400421,26.36954624841484,26.296434207363973,53.52
39.7,370.9248830528218,26.366196512550527,26.29318186904081,53.52
39.75,377.2218331240913,26.362869522839688,26.2899537486639,53.52
39.800000000000004,373.89424154534174,26.359545603320715,26.286728414849463,53.52
39.85,402.5227044342363,26.35626082184683,26.283543719520857,53.52
39.900000000000006,394.3567839314747,26.3529652238182,26.28034696897584,53.52
39.95,397.71555094994164,26.34968448974214,26.277165391402296,53.52
40.0,875.0000000000001,26.346898634562468,26.27450243917637,53.52
40.050000000000004,895.0,26.343955709598408,26.271669601712013,53.52
40.1,875.0000000000024,26.34098685119325,26.26880786293019,53.52
40.150000000000006,855.0,26.33801265519199,26.26594017408069,53.52
40.2,874.9999999999998,26.335074604732537,26.26311019360129,53.52
40.25,895.0,26.332157142305583,26.260301218651787,53.52
40.300000000000004,874.9999999999982,26.329218899681823,26.257469769768473,53.52
40.35,855.0,26.326275399039435,26.254632516587428,53.52
40.400000000000006,875.0000000000039,26.323367968760827,26.251832898026024,53.52
40.45,895.0,26.320481046783048,26.249054203749633,53.52
40.5,875.0000000000032,26.317573264938662,26.24625295424258,53.52
40.550000000000004,855.0,26.314660145609217,26.243445819349795,53.52
40.6,874.9999999999989,26.31178301738436,26.240676238205953,53.52
40.650000000000006,895.0,26.308926318407853,26.23792750069364,53.52
40.7,874.9999999999991,26.30604868071853,26.235156127513704,53.52
40.75,855.0,26.303165626903606,26.232378788727036,53.52
40.800000000000004,875.000000000003,26.300318485757863,26.229638923683797,53.52
40.85,895.0,26.297491695629738,26.226919822481296,53.52
40.900000000000006,874.9999999999995,26.29464388876207,26.224178006034712,53.52
40.95,855.0,26.29179058794574,26.22143014461855,53.52
41.0,874.999999999998,26.288973122178497,26.218719677796077,53.52
41.050000000000004,895.0,26.286175930011254,26.21602989587714,53.52
41.1,874.9999999999999,26.28335764388891,26.213317319988846,53.52
41.150000000000006,855.0,26.280533786803698,26.210598620617162,53.52
41.2,875.0000000000022,26.277745687954305,26.207917237536037,53.52
41.25,895.0,26.274977786092034,26.205256461265698,53.52
41.300000000000004,875.0000000000003,26.272188713861645,26.202572813142872,53.52
41.35,855.0,26.26939399445477,26.199882963862663,53.52
41.400000000000006,875.0000000000017,26.266634957268877,26.19723035340765,53.52
41.45,895.0,26.26389604125358,26.194598272505953,53.52
41.5,710.8250809606485,26.260968177711433,26.191767340641263,53.52
41.550000000000004,683.0642234317415,26.258090644891833,26.18899053984247,53.52
41.6,692.1321960058034,26.25524271830629,26.186245051173934,53.52
41.650000000000006,389.89374561227925,26.252090361180294,26.183179821351015,53.52
41.7,372.7787219110806,26.2490456340297,26.180230021613312,53.52
41.75,392.12998430172394,26.24603868291409,26.17732026989518,53.52
41.800000000000004,382.5967460184187,26.24302264869629,26.17440046431438,53.52
41.85,381.25179192450406,26.240016587374328,26.17149076044253,53.52
41.900000000000006,392.10959968203497,26.237030082105814,26.168601187918743,53.52
41.95,389.4426331148604,26.234044459791175,26.16571202629879,53.52
42.0,694.5855075127138,26.231379233089694,26.163158517534846,53.52
42.050000000000004,717.3899470504638,26.228626175814153,26.160509474835347,53.52
42.1,683.7840500860016,26.22583366985999,26.1578177355564,53.52
42.150000000000006,391.1593560694427,26.222762179472806,26.1548331932882,53.52
42.2,390.9310125796839,26.219812100040357,26.151978531776898,53.52
42.25,381.9045356068602,26.21686393106169,26.149126121544572,53.52
42.300000000000004,388.26133022242124,26.213933545148564,26.146292082601974,53.52
42.35,372.48886423614704,26.2109923385129,26.14344624467367,53.52
42.400000000000006,394.2402701920691,26.208087059068,26.140637824860292,53.52
42.45,383.15097863557014,26.20516979028543,26.137816242387288,53.52
42.5,692.1591546922144,26.202579827673944,26.135337626637167,53.52
42.550000000000004,715.7351383875533,26.19990122254457,26.132762609786678,53.52
42.6,689.4348446418586,26.197190097184315,26.13015215350919,53.52
42.650000000000006,370.91538703636445,26.194170486415743,26.127217881696453,53.52
42.7,369.43370826476104,26.191280809921157,26.124422673989372,53.52
42.75,391.06009951345646,26.18842497527371,26.12166328468275,53.52
42.800000000000004,372.19570647503724,26.185549078971434,26.11888228137733,53.52
42.85,402.5479418198437,26.182718748452267,26.11614880795663,53.52
42.900000000000006,364.1807059211628,26.179845070187536,26.11336920491049,53.52
42.95,401.96456368290046,26.177031994657515,26.110653077365455,53.52
43.0,703.1652620080392,26.174519731430646,26.108251779748873,53.52
43.050000000000004,698.5493033219441,26.171892310775974,26.105726249977476,53.52
43.1,691.8262136978658,26.169263218293217,26.103197931098418,53.52
43.150000000000006,388.99136114352075,26.166334194124587,26.100354644862627,53.52
43.2,384.62365297575155,26.16352563597741,26.097640302405612,53.52
43.25,396.0330188201653,26.16074120332678,26.094951582723102,53.52
43.300000000000004,386.14227648662046,26.157949670856826,26.09225495422334,53.52
43.35,386.50301761461884,26.155169492387746,26.089569910573807,53.52
43.400000000000006,381.3638778778615,26.152391286628557,26.086886555092843,53.52
43.45,384.4305437627894,26.149625449538725,26.084215826495953,53.52
43.5,704.6170265333809,26.14719276397754,26.081894124638904,53.52
43.550000000000004,674.3474741101506,26.144611544744286,26.079413073932137,53.52
43.6,679.7772186684143,26.142050671552408,26.076952548126535,53.52
43.650000000000006,392.4326409402272,26.13920109411736,26.074188772108513,53.52
43.7,386.7086543812795,26.13646426480704,26.071545673692636,53.52
43.75,383.16016663647326,26.133736439151633,26.06891231920627,53.52
43.800000000000004,385.184339330654,26.131019336190043,26.066289902977363,53.52
43.85,388.47581705361677,26.128311945886455,26.06367727140602,53.52
43.900000000000006,379.60240319690644,26.125601259008867,26.061060752762135,53.52
43.95,377.2169527459769,26.122898603375194,26.058452345238567,53.52
44.0,702.9376788264652,26.120536739204212,26.05620104453117,53.52
44.050000000000004,685.3244083357745,26.11803700613929,26.05380154458369,53.52
44.1,706.1237913357171,26.115568146617253,26.051433480854765,53.52
44.150000000000006,367.97416395762167,26.11275235154491,26.04870091298882,53.52
44.2,395.29155637325647,26.110102451914013,26.046145237364076,53.52
44.25,389.7259748241305,26.107447053678985,26.043583885614705,53.52
44.300000000000004,387.5602973431388,26.104798331009977,26.041029184931325,53.52
44.35,394.8269098394552,26.102164836823256,26.038490101075627,53.52
44.400000000000006,401.6547444446258,26.099542401357425,26.03596216271902,53.52
44.45,395.14370065018136,26.096917431737833,26.033431095678303,53.52
44.5,672.3868865300253,26.094584948553084,26.03120647819719,53.52
44.550000000000004,680.8063454989644,26.092159916349342,26.028881686135648,53.52
44.6,690.6277213345649,26.08974482683573,26.0265662336986,53.52
44.650000000000006,385.2609105021084,26.08702011775404,26.02392547944459,53.52
44.7,390.1765902046913,26.08442561164745,26.021423883809256,53.52
44.75,377.7425618684654,26.081826746902447,26.018917961263625,53.52
44.800000000000004,386.86766764477085,26.07924884596435,26.016433794998466,53.52
44.85,377.4461706764668,26.07666465782812,26.013942589995665,53.52
44.900000000000006,378.88482197008057,26.074092227860305,26.011463409281472,53.52
44.95,370.93338903151783,26.07151793415496,26.008981897120833,53.52
45.0,686.1515013083365,26.069275409948325,26.00684807221873,53.52
45.050000000000004,679.724730915755,26.0669102572876,26.004582158398904,53.52
45.1,685.36190120534,26.064555930988192,26.0023265777205,53.52
45.150000000000006,395.53641796607843,26.061909477244445,25.99976411698109,53.52
45.2,375.5060111116806,26.05936157759756,25.997307481667118,53.52
45.25,411.32382064837395,26.056867965845633,25.994908250079835,53.52
45.300000000000004,389.93317900880896,26.05434547527608,25.992478079047007,53.52
45.35,386.8483612369488,26.05183429539405,25.99005952820691,53.52
45.400000000000006,376.41642219818795,26.049320436277455,25.987637862636436,53.52
45.45,392.00309879408996,26.046833136725844,25.985243790079767,53.52
45.5,691.3654326064334,26.044652206382892,25.983170561762897,53.52
45.550000000000004,701.8301472196804,26.04237161398047,25.980989443814167,53.52
45.6,738.4012680740319,26.040126860610382,25.97884476586849,53.52
45.650000000000006,384.03940100275355,26.03751161113943,25.976310671832568,53.52
45.7,396.4927332628568,26.035052636226297,25.97394351421711,53.52
45.75,377.96823574874117,26.03258035940379,25.971562690533734,53.52
45.800000000000004,384.65011509503046,26.030128508598672,25.96920311846622,53.52
45.85,402.70800635635516,26.027699124367448,25.96686671449175,53.52
45.900000000000006,378.7303294221224,26.02524452624545,25.96450330092281,53.52
45.95,403.12448557996936,26.022830322441425,25.962182079311766,53.52
46.0,710.6162790318322,26.020727339063093,25.96018673597788,53.52
46.050000000000004,691.562998361586,26.01849109583342,25.958048169287228,53.52
46.1,709.4861160858328,26.016282856630525,25.95593810039571,53.52
46.150000000000006,394.72554449626733,26.01375202916489,25.953489119104788,53.52
46.2,391.218099622172,26.01134584753749,25.95117356022273,53.52
46.25,369.2977528010955,26.00892849053742,25.948846642242348,53.52
46.300000000000004,377.7286282417514,26.006534685516666,25.946544323684208,53.52
46.35,382.524813644485,26.004149015956443,25.944250138736596,53.52
46.400000000000006,384.2556657089996,26.00176939354201,25.941961866146862,53.52
46.45,391.2067209755068,25.999402352217093,25.939686394063067,53.52
46.5,702.6655150139989,25.9973569234058,25.937747821610447,53.52
46.550000000000004,679.9698346193485,25.99517301851788,25.935660556248845,53.52
46.6,705.7029677650894,25.993026329268485,25.933611485068116,53.52
46.650000000000006,391.1058574528383,25.99055407562223,25.931220315938905,53.52
46.7,390.59790447931044,25.988209227887015,25.928965450859238,53.52
46.75,395.80780725554627,25.985879592313587,25.92672687879973,53.52
46.800000000000004,393.3392215454891,25.98355161127878,25.924489669427665,53.52
46.85,389.5918007922844,25.98122677521694,25.922255410233333,53.52
46.900000000000006,384.2983428854136,25.97890407391307,25.920023069180104,53.52
46.95,368.39039066484014,25.976573274769958,25.91778193279456,53.52
47.0,706.4442732869887,25.97460009060665,25.915915705694115,53.52
47.050000000000004,703.1153153074466,25.97249799413643,25.913910612778604,53.52
47.1,704.0736825579306,25.97039980204978,25.911908532293104,53.52
47.150000000000006,372.23251424179693,25.967967663842554,25.909555764206875,53.52
47.2,374.1894345959174,25.965672294296976,25.907349347830607,53.52
47.25,395.5315285333291,25.96340773746698,25.90517561047145,53.52
47.300000000000004,384.6044484614335,25.961129759463986,25.90298726647086,53.52
47.35,391.8150069737263,25.958869078669938,25.900816769082866,53.52
47.400000000000006,385.28318376130466,25.9566049498069,25.89864224810382,53.52
47.45,385.2975613949575,25.95434919185023,25.896476199673717,53.52
47.5,714.07425708964,25.95243522433141,25.894668311954042,53.52
47.550000000000004,692.2593290767394,25.950376716520097,25.89270522692367,53.52
47.6,701.4418116541148,25.94833765528424,25.890761661796727,53.52
47.650000000000006,380.37724711294965,25.945972532376835,25.88847564561295,53.52
47.7,380.6550377256769,25.943738029854995,25.886329415486145,53.52
47.75,381.90827876531364,25.941514185303426,25.88419472056158,53.52
47.800000000000004,387.2213377163372,25.939301192989372,25.882071084148457,53.52
47.85,380.2125137833653,25.93708474723482,25.87994341934794,53.52
47.900000000000006,397.55756125573527,25.934894453272285,25.877842889603915,53.52
47.95,376.053926977805,25.932681272501263,25.875717846198,53.52
48.0,697.1969253375796,25.930810034566697,25.873951288489277,53.52
48.050000000000004,693.4040341258874,25.928815745693996,25.87205219870452,53.52
48.1,721.7046682653059,25.926853383552064,25.870185566943796,53.52
48.150000000000006,386.9655477651158,25.924543189219975,25.86795342705125,53.52
48.2,395.3184453946864,25.92237678917177,25.86587498566402,53.52
48.25,370.14439626963036,25.920190898006357,25.86377640938735,53.52
48.300000000000004,387.67050265869267,25.918038376581595,25.861712758628855,53.52
48.35,393.8963079562344,25.915891334363685,25.859654391803918,53.52
48.400000000000006,385.8228398927543,25.91373904586049,25.857590077699165,53.52
48.45,395.65480375065357,25.91160546347104,25.855545100648857,53.52
48.5,692.2406732484944,25.909776688229613,25.853819409407194,53.52
48.550000000000004,721.1402116027837,25.907867302313047,25.852005881440462,53.52
48.6,734.4834718542887,25.90596195868019,25.85019529770625,53.52
48.650000000000006,381.37161439560344,25.90369529155625,25.84800513681139,53.52
48.7,380.54497478599234,25.90157019888224,25.845966560657835,53.52
48.75,399.5338447711771,25.89947438606488,25.843959143466318,53.52
48.800000000000004,400.7957214573072,25.897378112431625,25.84195076072213,53.52
48.85,379.7713997284674,25.895265130897208,25.839924457463113,53.52
48.900000000000006,380.7981318290415,25.893166827060043,25.83791340842392,53.52
48.95,382.182153911395,25.891075252632987,25.83590911226363,53.52
49.0,679.8332423344858,25.8892926395493,25.83422853084274,53.52
49.050000000000004,686.220220802737,25.887405980327777,25.83243554376098,53.52
49.1,684.937888498719,25.885517068465596,25.830639123482477,53.52
49.150000000000006,377.3220243489588,25.88331918060138,25.828518232691195,53.52
49.2,384.65315112613223,25.881253586184336,25.826538785595485,53.52
49.25,387.34214732536526,25.879196795796652,25.82456884607058,53.52
49.300000000000004,400.5050049281408,25.877157799585863,25.82261722985912,53.52
49.35,375.01645959261214,25.875092962130275,25.820638036182633,53.52
49.400000000000006,394.84322398476587,25.87306347845359,25.818695808339193,53.52
49.45,382.860111557745,25.871019660786768,25.816738068575148,53.52
49.5,699.2580443552135,25.86930879030369,25.815129297189742,53.52
49.550000000000004,710.122292382499,25.86749114989455,25.813405111000264,53.52
49.6,683.1591696765655,25.865642902244534,25.811647671025824,53.52
49.650000000000006,388.82409746184055,25.86350902083667,25.80959048900919,53.52
49.7,386.66452208213065,25.861492721950057,25.807659251163702,53.52
49.75,389.92451264008156,25.859489212628613,25.805741773219875,53.52
49.800000000000004,387.8916864390782,25.857487719191507,25.803826087566193,53.52
49.85,409.553001399109,25.855514327456927,25.801939559438402,53.52
49.900000000000006,378.6226001574869,25.853506127332615,25.80001597925631,53.52
49.95,379.69003044998186,25.851515981920702,25.798111260387742,53.52
50.0,874.9999999999968,25.85003690992315,25.796742330043273,53.52
50.050000000000004,895.0,25.848390416376198,25.7951925900553,53.52
50.1,875.0000000000011,25.846714402854435,25.793610249619256,53.52
50.150000000000006,855.0,25.845029672699592,25.79201851491935,53.52
50.2,875.0000000000009,25.843377723916134,25.790461062211325,53.52
50.25,895.0,25.841743007957206,25.788921198156,53.52
50.300000000000004,874.999999999997,25.84008416535234,25.78735545247491,53.52
50.35,855.0,25.83841672701021,25.78578050395457,53.52
50.400000000000006,875.0000000000005,25.83678203002068,25.78423980063763,53.52
50.45,895.0,25.83516452100559,25.78271664129056,53.52
50.5,875.000000000002,25.833522840459633,25.781167555474084,53.52
50.550000000000004,855.0,25.83187251940389,25.779609222085213,53.52
50.6,875.0,25.830254895044927,25.77808508928657,53.52
50.650000000000006,895.0,25.82865441412104,25.776578455964177,53.52
50.7,874.999999999998,25.827029717243125,25.775045851798346,53.52
50.75,855.0,25.82539633554819,25.773503955805264,53.52
50.800000000000004,874.9999999999997,25.823795606358363,25.77199621626628,53.52
50.85,895.0,25.82221197652723,25.770505932186026,53.52
50.900000000000006,874.9999999999983,25.820604086780687,25.76898963336294,53.52
50.95,855.0,25.818987468370416,25.76746399893107,53.52
51.0,874.9999999999992,25.817403458732937,25.765972477289377,53.52
51.050000000000004,895.0,25.81583650483592,25.764498367559707,53.52
51.1,874.9999999999987,25.814245247519054,25.762998199657428,53.52
51.150000000000006,855.0,25.812645218147537,25.761488652833233,53.52
51.2,874.9999999999987,25.811077754271018,25.76001317560233,53.52
51.25,895.0,25.809527302970167,25.758555067202558,53.52
51.300000000000004,874.9999999999992,25.807952505197242,25.757070857665024,53.52
51.35,855.0,25.806368892429727,25.755577226355722,53.52
51.400000000000006,875.0000000000028,25.804817802329346,25.754117621904932,53.52
51.45,895.0,25.80328368208846,25.752675343665288,53.52
51.5,690.6528921036286,25.801536865725605,25.75100940661778,53.52
51.550000000000004,691.6678432125962,25.7998745004715,25.74943368992058,53.52
51.6,690.4391930904022,25.798217145805207,25.747863351155196,53.52
51.650000000000006,396.8901653110756,25.796264795051126,25.74598330878865,53.52
51.7,399.2050424798986,25.794433535278554,25.744232851511647,53.52
51.75,379.2925370625053,25.792589162613407,25.74246895743894,53.52
51.800000000000004,376.67644426895777,25.79075471218704,25.740715387551404,53.52
51.85,389.7141555638641,25.788939607093752,25.738981868882984,53.52
51.900000000000006,379.47776955719036,25.787113771615342,25.737236664258557,53.52
51.95,391.32931817755514,25.785308620038673,25.735512916248453,53.52
52.0,703.0438453127695,25.783822113247105,25.734122988846412,53.52
52.050000000000004,677.2638382750415,25.78219237092649,25.732579420766374,53.52
52.1,723.2125780199509,25.780620237675908,25.731095522996583,53.52
52.150000000000006,402.95877673095526,25.778707473542042,25.729253588300523,53.52
52.2,378.8721130951562,25.77689853060027,25.727523286656247,53.52
52.25,381.12298440064023,25.775109562676544,25.725814571625925,53.52
52.300000000000004,387.8586539072491,25.773331656511143,25.724117224997475,53.52
52.35,388.3445678998703,25.771556264052105,25.722422141930636,53.52
52.400000000000006,391.5854427267284,25.769788548501086,25.720734784753606,53.52
52.45,405.10204538766357,25.76803798927909,25.719065082844192,53.52
52.5,697.3457915875892,25.766585249606337,25.717707317696586,53.52
52.550000000000004,688.0255413319233,25.76501351220708,25.71622152547203,53.52
52.6,679.310211579782,25.76343724473285,25.714730111736046,53.52
52.650000000000006,377.69069960058084,25.761560368460543,25.712923148326478,53.52
52.7,384.66873027126206,25.759812356856944,25.71125402771908,53.52
52.75,402.9455786351779,25.75808831454566,25.709610348513888,53.52
52.800000000000004,379.8238870096383,25.75633810315193,25.7079387620737,53.52
52.85,387.23787951638906,25.75460877267616,25.70628896272161,53.52
52.900000000000006,384.8357710392725,25.752878887601245,25.704638255992126,53.52
52.95,396.8839327344809,25.751166675534122,25.703005795061344,53.52
53.0,737.9039863881043,25.7498026376082,25.7017381188394,53.52
53.050000000000004,692.0369684061952,25.748263178643708,25.70028276217748,53.52
53.1,692.6584083622266,25.746742232732235,25.698846209134945,53.52
53.150000000000006,395.4416087706908,25.744921816758144,25.697095288478405,53.52
53.2,391.81891489626315,25.743217491460655,25.695468756842168,53.52
53.25,403.46707325736037,25.74153430033228,25.693864790670844,53.52
53.300000000000004,390.8392818532597,25.73983823766969,25.69224695773265,53.52
53.35,381.40707909212944,25.7381417241478,25.69062845451889,53.52
53.400000000000006,390.9065483069231,25.736463130740614,25.689028569802076,53.52
53.45,396.08703580582915,25.7347906432725,25.687434722003704,53.52
53.5,712.3072327179605,25.73344342196278,25.686181678511513,53.52
53.550000000000004,707.6091104666094,25.73197246198982,25.68479542658612,53.52
53.6,716.0001203438374,25.73051212344322,25.683419356874055,53.52
53.650000000000006,396.69295590445677,25.728726124172226,25.681701287873423,53.52
53.7,398.82158991037534,25.727070448058534,25.680122735330357,53.52
53.75,391.4870988758965,25.725414411364977,25.67854419831117,53.52
53.800000000000004,383.3288191968315,25.723757287041003,25.67696433591578,53.52
53.85,386.46713686433327,25.722110935476298,25.6753955781451,53.52
53.900000000000006,397.06508966508363,25.720478585480176,25.67384120233301,53.52
53.95,376.8306432901277,25.718825690135375,25.672264874220186,53.52
54.0,705.5300996330935,25.717520576995117,25.67105321784909,53.52
54.050000000000004,694.0999178150896,25.716080197732587,25.6696962003748,53.52
54.1,700.4311723440222,25.71465072835137,25.668349714173196,53.52
54.150000000000006,397.78451862607307,25.712913405977275,25.666679945776096,53.52
54.2,386.91099068019906,25.711286575605765,25.665128739323404,53.52
54.25,385.4643654815616,25.709670167104118,25.663588953813406,53.52
54.300000000000004,371.4014385902009,25.708044399627674,25.662039140728997,53.52
54.35,392.46253566027224,25.70644985350603,25.660521932050024,53.52
54.400000000000006,391.4548418114108,25.704850447276616,25.658999162247525,53.52
54.45,406.63254723305465,25.70327087225987,25.657496870598827,53.52
54.5,695.383326475705,25.701984501281903,25.656301683526635,53.52
54.550000000000004,703.2872549149591,25.700597626998317,25.654997917698406,53.52
54.6,703.7407552556614,25.69920847885444,25.65369075354058,53.52
54.650000000000006,400.7745327976348,25.697513114251976,25.65206204798142,53.52
54.7,384.04704467613055,25.695922336842262,25.650545729225737,53.52
54.75,387.79021525770344,25.694349459775008,25.649048739022053,53.52
54.800000000000004,391.07896509716545,25.692782892761755,25.64755812311541,53.52
54.85,386.86609123156364,25.691214802768336,25.64606558916198,53.52
54.900000000000006,380.53566385449477,25.689645929297047,25.64457198362448,53.52
54.95,386.94089992898313,25.688090188560796,25.643091941084386,53.52
55.0,716.1044762478966,25.686872335211586,25.64196597749446,53.52
55.050000000000004,684.6022705088341,25.68549800764117,25.640672355006974,53.52
55.1,701.9945451122031,25.684153470689576,25.639409269689327,53.52
55.150000000000006,377.9987918506083,25.682474998650772,25.637795489523022,53.52
55.2,396.9504662892485,25.68094547497842,25.636340805199968,53.52
55.25,369.7681309521623,25.67938852670165,25.634857606849256,53.52
55.300000000000004,379.4107815272842,25.677855907468384,25.633399914683594,53.52
55.35,388.7721187506453,25.676333423470624,25.631952539286733,53.52
55.400000000000006,400.6552402923435,25.674823325932888,25.630517767127134,53.52
55.45,384.3424973892702,25.673295795726453,25.629064292404262,53.52
55.5,691.6720070996021,25.67209235679841,25.627950611178612,53.52
55.550000000000004,728.2173560416088,25.670810618543424,25.62675153597784,53.52
55.6,678.2797914937563,25.66946357216399,25.625482635922566,53.52
55.650000000000006,363.0119404337992,25.667816804769675,25.623899445798102,53.52
55.7,389.4001445005334,25.6663238650679,25.62248052939803,53.52
55.75,379.97945775647395,25.66481859347173,25.621048850272555,53.52
55.800000000000004,374.7876718286929,25.663315401330536,25.619619152355327,53.52
55.85,392.0835644729936,25.661835909193265,25.61821410896501,53.52
55.900000000000006,387.438007137712,25.660348899378715,25.61680074846508,53.52
55.95,379.35921369263275,25.658859119404973,25.615384216045186,53.52
56.0,680.7954340199366,25.65768431117824,25.61429787112413,53.52
56.050000000000004,713.0868599242021,25.65642897644665,25.61312384243366,53.52
56.1,709.7530176693799,25.65515758045768,25.6119317024785,53.52
56.150000000000006,384.0082413622062,25.653557576741573,25.610394529677986,53.52
56.2,403.4663699604767,25.65210772526648,25.60901777932339,53.52
56.25,374.29915233673853,25.650628044270878,25.607610002434793,53.52
56.300000000000004,369.7447482907527,25.649158752003505,25.60621313723818,53.52
56.35,378.08091930118763,25.647703899970054,25.60483125710668,53.52
56.400000000000006,384.5441398364451,25.646256280901692,25.603456625639158,53.52
56.45,387.43339449322696,25.644812795045492,25.60208597853439,53.52
56.5,696.3814591321551,25.64368746473865,25.60104873145979,53.52
56.550000000000004,705.2808309477144,25.642454548108486,25.59989532217162,53.52
56.6,681.2269086371433,25.641193310849125,25.59871115876728,53.52
56.650000000000006,399.43764604073266,25.639656622568904,25.59723797783179,53.52
56.7,384.17848821607436,25.63821768965857,25.595869881907397,53.52
56.75,396.1729583158813,25.63680388836106,25.59452865885723,53.52
56.800000000000004,388.4272534637771,25.63538149314989,25.593178108031182,53.52
56.85,389.5675321915379,25.63396684306971,25.591835467922763,53.52
56.900000000000006,390.6976728023221,25.632556680980453,25.590497274010097,53.52
56.95,389.4770856001732,25.631148503101038,25.589160883167835,53.52
57.0,709.6408413980132,25.63007149927859,25.58817160495131,53.52
57.050000000000004,719.9372879519865,25.62888391791687,25.587062930927438,53.52
57.1,702.9478175455221,25.627674446795,25.585930214147336,53.52
57.150000000000006,392.09003757588516,25.626156942615125,25.58447423462661,53.52
57.2,384.1026430571278,25.62475574148811,25.583143068705002,53.52
57.25,399.40117215449476,25.623380462858268,25.581839601862733,53.52
57.300000000000004,378.23607697940736,25.621981430511312,25.580510865576287,53.52
57.35,403.00940432910824,25.62061937710858,25.579220831492353,53.52
57.400000000000006,384.5984204935566,25.619232718214448,25.577904528893985,53.52
57.45,370.6922489788196,25.617842322765227,25.576584174349417,53.52
57.5,701.9215662236618,25.61679948277105,25.57562828450817,53.52
57.550000000000004,689.7842251378768,25.61561892865963,25.574524461740975,53.52
57.6,712.6096532348308,25.61446569804918,25.57344841825032,53.52
57.650000000000006,378.4737602069761,25.612965351236117,25.572007779455436,53.52
57.7,380.53816566785224,25.611600094105125,25.570711806983237,53.52
57.75,366.10459269054473,25.610226656072207,25.56940771489224,53.52
57.800000000000004,380.4769368075093,25.60887716118188,25.568128659811595,53.52
57.85,360.7612067337105,25.607505652203287,25.566826149409692,53.52
57.900000000000006,369.16097176514285,25.606153773668122,25.565544136179835,53.52
57.95,392.60414656144303,25.60482633742959,25.564287463516408,53.52
58.0,711.7870023797625,25.603819240790607,25.563366292024977,53.52
58.050000000000004,706.3818634267744,25.60268544162859,25.56230877374075,53.52
58.1,685.4953578530618,25.60153171142237,25.56122942907263,53.52
58.150000000000006,384.52288643858026,25.60008158774684,25.55983911242455,53.52
58.2,384.96397460909435,25.598752424677972,25.558578417014676,53.52
58.25,373.41635310807465,25.597418199992592,25.55731282585389,53.52
58.300000000000004,400.0339830176716,25.59611921489667,25.55608409585125,53.52
58.35,393.7736229057568,25.594807056180525,25.554841060559472,53.52
58.400000000000006,382.79035826170343,25.59348922527074,25.553591826469543,53.52
58.45,385.26885838994536,25.592181677323097,25.552353244003488,53.52
58.5,703.1257421192133,25.591201393027653,25.551457676803476,53.52
58.550000000000004,669.3739769736356,25.59006613946,25.550396180289866,53.52
58.6,696.292339262191,25.588970784485763,25.54937590165382,53.52
58.650000000000006,378.1801575200221,25.587543196884795,25.548006657347056,53.52
58.7,374.98379990105093,25.586238894472004,25.546769542566956,53.52
58.75,382.18899707114053,25.584950208086692,25.54554929291611,53.52
58.800000000000004,402.97686526849526,25.583683476198907,25.544351799658962,53.52
58.85,391.40842861267015,25.582400108559376,25.54313638993977,53.52
58.900000000000006,379.2882101021721,25.581111946667466,25.541915769172903,53.52
58.95,390.72582781356164,25.57984364428179,25.540715872718238,53.52
59.0,720.99033154879,25.578911724573544,25.539868475843047,53.52
59.050000000000004,713.8695052436915,25.577847008435544,25.538878269044176,53.52
59.1,700.8944555488026,25.576770804585692,25.537875094235957,53.52
59.150000000000006,378.5306322229443,25.575373107883504,25.53653455360305,53.52
59.2,391.98223313613596,25.57411771478156,25.535346221945343,53.52
59.25,388.9348538542176,25.572860955813567,25.5341567980451,53.52
59.300000000000004,393.9519322002774,25.57161373888826,25.53297717961856,53.52
59.35,391.35171801681975,25.57036521130808,25.531795899032524,53.52
59.400000000000006,395.4955271531934,25.569125123978903,25.530623241471424,53.52
59.45,379.64764788439436,25.567870507573026,25.529435064424746,53.52
59.5,719.7609109845149,25.56697267092325,25.528621016450714,53.52
59.550000000000004,702.963994070386,25.565928558259387,25.52764998577391,53.52
59.6,731.128913089379,25.56491857000596,25.52671391052213,53.52
59.650000000000006,378.1081218191044,25.563539784684917,25.52539047214695,53.52
59.7,402.35963803165254,25.56232568564044,25.524242934813724,53.52
59.75,386.9791078346265,25.561093670009157,25.523076905940595,53.52
59.800000000000004,378.4858199638556,25.559861991951202,25.521911132980343,53.52
59.85,380.16114165945686,25.558638696332025,25.520754028165335,53.52
59.900000000000006,381.7965269180568,25.557419716156346,25.519601213786252,53.52
59.95,389.2416594640192,25.55621087218911,25.518458772632474,53.52
60.0,874.999999999998,25.555498473987615,25.517836736493205,53.52
